INSERT INTO p_landlord (first_name, last_name, email, contact_no, address, city, country, state, zip_code) VALUES ('Jennifer', 'Hernandez', 'jennifer.hernandez1@example.com', '555-867-1518', '9478 Elm St', 'San Jose', 'USA', 'CA', '90210');
INSERT INTO p_landlord (first_name, last_name, email, contact_no, address, city, country, state, zip_code) VALUES ('Patricia', 'Taylor', 'patricia.taylor2@example.com', '555-816-9103', '5906 Cedar Ln', 'New York', 'USA', 'CA', '90210');
INSERT INTO p_landlord (first_name, last_name, email, contact_no, address, city, country, state, zip_code) VALUES ('Elizabeth', 'Moore', 'elizabeth.moore3@example.com', '555-806-2865', '5072 Park Ave', 'Dallas', 'USA', 'CA', '90210');
INSERT INTO p_landlord (first_name, last_name, email, contact_no, address, city, country, state, zip_code) VALUES ('Joseph', 'Hernandez', 'joseph.hernandez4@example.com', '555-945-4405', '1244 Pine St', 'Chicago', 'USA', 'CA', '90210');
INSERT INTO p_landlord (first_name, last_name, email, contact_no, address, city, country, state, zip_code) VALUES ('James', 'Gonzalez', 'james.gonzalez5@example.com', '555-807-5113', '5402 Lake Rd', 'Chicago', 'USA', 'CA', '90210');
INSERT INTO p_landlord (first_name, last_name, email, contact_no, address, city, country, state, zip_code) VALUES ('Susan', 'Martin', 'susan.martin6@example.com', '555-633-6419', '1776 Oak St', 'Houston', 'USA', 'CA', '90210');
INSERT INTO p_landlord (first_name, last_name, email, contact_no, address, city, country, state, zip_code) VALUES ('Charles', 'Jackson', 'charles.jackson7@example.com', '555-333-4836', '9719 Washington Blvd', 'Dallas', 'USA', 'CA', '90210');
INSERT INTO p_landlord (first_name, last_name, email, contact_no, address, city, country, state, zip_code) VALUES ('Michael', 'Martin', 'michael.martin8@example.com', '555-963-8233', '4538 Oak St', 'Los Angeles', 'USA', 'CA', '90210');
INSERT INTO p_landlord (first_name, last_name, email, contact_no, address, city, country, state, zip_code) VALUES ('Jessica', 'Jones', 'jessica.jones9@example.com', '555-299-7074', '8672 Maple Ave', 'Phoenix', 'USA', 'CA', '90210');
INSERT INTO p_landlord (first_name, last_name, email, contact_no, address, city, country, state, zip_code) VALUES ('Sarah', 'Smith', 'sarah.smith10@example.com', '555-425-2945', '774 Cedar Ln', 'Los Angeles', 'USA', 'CA', '90210');
INSERT INTO p_landlord (first_name, last_name, email, contact_no, address, city, country, state, zip_code) VALUES ('Patricia', 'Anderson', 'patricia.anderson11@example.com', '555-182-2903', '5362 Elm St', 'Houston', 'USA', 'CA', '90210');
INSERT INTO p_landlord (first_name, last_name, email, contact_no, address, city, country, state, zip_code) VALUES ('Elizabeth', 'Davis', 'elizabeth.davis12@example.com', '555-857-8375', '5409 Lake Rd', 'San Antonio', 'USA', 'CA', '90210');
INSERT INTO p_landlord (first_name, last_name, email, contact_no, address, city, country, state, zip_code) VALUES ('David', 'Gonzalez', 'david.gonzalez13@example.com', '555-148-5891', '9986 Elm St', 'Chicago', 'USA', 'CA', '90210');
INSERT INTO p_landlord (first_name, last_name, email, contact_no, address, city, country, state, zip_code) VALUES ('Sarah', 'Martinez', 'sarah.martinez14@example.com', '555-778-8126', '9916 Cedar Ln', 'Philadelphia', 'USA', 'CA', '90210');
INSERT INTO p_landlord (first_name, last_name, email, contact_no, address, city, country, state, zip_code) VALUES ('Sarah', 'Jones', 'sarah.jones15@example.com', '555-963-1736', '6209 Oak St', 'Philadelphia', 'USA', 'CA', '90210');
INSERT INTO p_landlord (first_name, last_name, email, contact_no, address, city, country, state, zip_code) VALUES ('Karen', 'Moore', 'karen.moore16@example.com', '555-123-6243', '2633 Park Ave', 'San Diego', 'USA', 'CA', '90210');
INSERT INTO p_landlord (first_name, last_name, email, contact_no, address, city, country, state, zip_code) VALUES ('Michael', 'Moore', 'michael.moore17@example.com', '555-973-5182', '9804 Elm St', 'San Jose', 'USA', 'CA', '90210');
INSERT INTO p_landlord (first_name, last_name, email, contact_no, address, city, country, state, zip_code) VALUES ('David', 'Lopez', 'david.lopez18@example.com', '555-102-1669', '9212 Washington Blvd', 'San Antonio', 'USA', 'CA', '90210');
INSERT INTO p_landlord (first_name, last_name, email, contact_no, address, city, country, state, zip_code) VALUES ('Elizabeth', 'Lopez', 'elizabeth.lopez19@example.com', '555-644-7184', '391 Hill St', 'Philadelphia', 'USA', 'CA', '90210');
INSERT INTO p_landlord (first_name, last_name, email, contact_no, address, city, country, state, zip_code) VALUES ('James', 'Miller', 'james.miller20@example.com', '555-519-1628', '9683 Elm St', 'Dallas', 'USA', 'CA', '90210');
INSERT INTO p_landlord (first_name, last_name, email, contact_no, address, city, country, state, zip_code) VALUES ('Richard', 'Garcia', 'richard.garcia21@example.com', '555-709-2396', '4755 Main St', 'San Antonio', 'USA', 'CA', '90210');
INSERT INTO p_landlord (first_name, last_name, email, contact_no, address, city, country, state, zip_code) VALUES ('Robert', 'Martinez', 'robert.martinez22@example.com', '555-869-5760', '4485 Cedar Ln', 'Philadelphia', 'USA', 'CA', '90210');
INSERT INTO p_landlord (first_name, last_name, email, contact_no, address, city, country, state, zip_code) VALUES ('Robert', 'Hernandez', 'robert.hernandez23@example.com', '555-717-5612', '1364 Elm St', 'San Diego', 'USA', 'CA', '90210');
INSERT INTO p_landlord (first_name, last_name, email, contact_no, address, city, country, state, zip_code) VALUES ('James', 'Lopez', 'james.lopez24@example.com', '555-664-2643', '849 Washington Blvd', 'Dallas', 'USA', 'CA', '90210');
INSERT INTO p_landlord (first_name, last_name, email, contact_no, address, city, country, state, zip_code) VALUES ('Robert', 'Taylor', 'robert.taylor25@example.com', '555-131-8203', '2659 Washington Blvd', 'Dallas', 'USA', 'CA', '90210');
INSERT INTO p_landlord (first_name, last_name, email, contact_no, address, city, country, state, zip_code) VALUES ('Elizabeth', 'Hernandez', 'elizabeth.hernandez26@example.com', '555-509-5675', '2004 Elm St', 'Phoenix', 'USA', 'CA', '90210');
INSERT INTO p_landlord (first_name, last_name, email, contact_no, address, city, country, state, zip_code) VALUES ('Karen', 'Gonzalez', 'karen.gonzalez27@example.com', '555-312-9781', '7667 Hill St', 'Dallas', 'USA', 'CA', '90210');
INSERT INTO p_landlord (first_name, last_name, email, contact_no, address, city, country, state, zip_code) VALUES ('Jennifer', 'Smith', 'jennifer.smith28@example.com', '555-662-9567', '9923 Elm St', 'Phoenix', 'USA', 'CA', '90210');
INSERT INTO p_landlord (first_name, last_name, email, contact_no, address, city, country, state, zip_code) VALUES ('Charles', 'Taylor', 'charles.taylor29@example.com', '555-204-2660', '4188 Park Ave', 'Dallas', 'USA', 'CA', '90210');
INSERT INTO p_landlord (first_name, last_name, email, contact_no, address, city, country, state, zip_code) VALUES ('Linda', 'Jackson', 'linda.jackson30@example.com', '555-647-4865', '395 Washington Blvd', 'San Antonio', 'USA', 'CA', '90210');
INSERT INTO p_landlord (first_name, last_name, email, contact_no, address, city, country, state, zip_code) VALUES ('David', 'Johnson', 'david.johnson31@example.com', '555-832-9961', '3513 Hill St', 'New York', 'USA', 'CA', '90210');
INSERT INTO p_landlord (first_name, last_name, email, contact_no, address, city, country, state, zip_code) VALUES ('Robert', 'Smith', 'robert.smith32@example.com', '555-942-5977', '7196 Park Ave', 'San Antonio', 'USA', 'CA', '90210');
INSERT INTO p_landlord (first_name, last_name, email, contact_no, address, city, country, state, zip_code) VALUES ('Richard', 'Miller', 'richard.miller33@example.com', '555-898-9096', '3775 Oak St', 'Philadelphia', 'USA', 'CA', '90210');
INSERT INTO p_landlord (first_name, last_name, email, contact_no, address, city, country, state, zip_code) VALUES ('Karen', 'Martinez', 'karen.martinez34@example.com', '555-697-6909', '5104 Hill St', 'Los Angeles', 'USA', 'CA', '90210');
INSERT INTO p_landlord (first_name, last_name, email, contact_no, address, city, country, state, zip_code) VALUES ('Mary', 'Jones', 'mary.jones35@example.com', '555-481-3172', '9450 Pine St', 'Chicago', 'USA', 'CA', '90210');
INSERT INTO p_landlord (first_name, last_name, email, contact_no, address, city, country, state, zip_code) VALUES ('Patricia', 'Miller', 'patricia.miller36@example.com', '555-527-5027', '3501 Elm St', 'New York', 'USA', 'CA', '90210');
INSERT INTO p_landlord (first_name, last_name, email, contact_no, address, city, country, state, zip_code) VALUES ('Charles', 'Williams', 'charles.williams37@example.com', '555-603-1326', '4828 Elm St', 'Los Angeles', 'USA', 'CA', '90210');
INSERT INTO p_landlord (first_name, last_name, email, contact_no, address, city, country, state, zip_code) VALUES ('Linda', 'Jackson', 'linda.jackson38@example.com', '555-836-7020', '4318 Oak St', 'Los Angeles', 'USA', 'CA', '90210');
INSERT INTO p_landlord (first_name, last_name, email, contact_no, address, city, country, state, zip_code) VALUES ('Linda', 'Wilson', 'linda.wilson39@example.com', '555-921-3724', '9670 Washington Blvd', 'Dallas', 'USA', 'CA', '90210');
INSERT INTO p_landlord (first_name, last_name, email, contact_no, address, city, country, state, zip_code) VALUES ('Mary', 'Williams', 'mary.williams40@example.com', '555-352-5966', '7691 Oak St', 'New York', 'USA', 'CA', '90210');
INSERT INTO p_landlord (first_name, last_name, email, contact_no, address, city, country, state, zip_code) VALUES ('Mary', 'Lopez', 'mary.lopez41@example.com', '555-491-8718', '6956 Main St', 'Chicago', 'USA', 'CA', '90210');
INSERT INTO p_landlord (first_name, last_name, email, contact_no, address, city, country, state, zip_code) VALUES ('Elizabeth', 'Martinez', 'elizabeth.martinez42@example.com', '555-697-8378', '2031 Main St', 'San Diego', 'USA', 'CA', '90210');
INSERT INTO p_landlord (first_name, last_name, email, contact_no, address, city, country, state, zip_code) VALUES ('Jessica', 'Gonzalez', 'jessica.gonzalez43@example.com', '555-671-9079', '5016 Cedar Ln', 'Philadelphia', 'USA', 'CA', '90210');
INSERT INTO p_landlord (first_name, last_name, email, contact_no, address, city, country, state, zip_code) VALUES ('Jennifer', 'Hernandez', 'jennifer.hernandez44@example.com', '555-707-9696', '7342 Pine St', 'New York', 'USA', 'CA', '90210');
INSERT INTO p_landlord (first_name, last_name, email, contact_no, address, city, country, state, zip_code) VALUES ('Charles', 'Moore', 'charles.moore45@example.com', '555-427-4869', '9609 Main St', 'Philadelphia', 'USA', 'CA', '90210');
INSERT INTO p_landlord (first_name, last_name, email, contact_no, address, city, country, state, zip_code) VALUES ('Karen', 'Martin', 'karen.martin46@example.com', '555-146-5328', '5495 Washington Blvd', 'Los Angeles', 'USA', 'CA', '90210');
INSERT INTO p_landlord (first_name, last_name, email, contact_no, address, city, country, state, zip_code) VALUES ('Richard', 'Smith', 'richard.smith47@example.com', '555-335-3039', '4670 Lake Rd', 'Philadelphia', 'USA', 'CA', '90210');
INSERT INTO p_landlord (first_name, last_name, email, contact_no, address, city, country, state, zip_code) VALUES ('William', 'Davis', 'william.davis48@example.com', '555-240-7807', '9679 Hill St', 'Chicago', 'USA', 'CA', '90210');
INSERT INTO p_landlord (first_name, last_name, email, contact_no, address, city, country, state, zip_code) VALUES ('Mary', 'Hernandez', 'mary.hernandez49@example.com', '555-481-1917', '6386 Main St', 'Los Angeles', 'USA', 'CA', '90210');
INSERT INTO p_landlord (first_name, last_name, email, contact_no, address, city, country, state, zip_code) VALUES ('Susan', 'Davis', 'susan.davis50@example.com', '555-681-7490', '4243 Elm St', 'Chicago', 'USA', 'CA', '90210');
INSERT INTO property (property_type, property_name, frequency, unit, tarea, tarea_munit, property_address, city, property_country, property_province, zip_code) VALUES ('Commercial', 'Lopez Apartments', 'Monthly', 2, '1000', 'sqft', '4966 Maple Ave', 'Los Angeles', 'USA', 'CA', '90210');
INSERT INTO property (property_type, property_name, frequency, unit, tarea, tarea_munit, property_address, city, property_country, property_province, zip_code) VALUES ('Commercial', 'Williams Court', 'Monthly', 47, '1000', 'sqft', '3465 Elm St', 'San Jose', 'USA', 'CA', '90210');
INSERT INTO property (property_type, property_name, frequency, unit, tarea, tarea_munit, property_address, city, property_country, property_province, zip_code) VALUES ('Commercial', 'Martinez Heights', 'Monthly', 49, '1000', 'sqft', '944 Cedar Ln', 'Dallas', 'USA', 'CA', '90210');
INSERT INTO property (property_type, property_name, frequency, unit, tarea, tarea_munit, property_address, city, property_country, property_province, zip_code) VALUES ('Single Family Home', 'Garcia Court', 'Monthly', 4, '1000', 'sqft', '4857 Hill St', 'Dallas', 'USA', 'CA', '90210');
INSERT INTO property (property_type, property_name, frequency, unit, tarea, tarea_munit, property_address, city, property_country, property_province, zip_code) VALUES ('Single Family Home', 'Wilson Heights', 'Monthly', 40, '1000', 'sqft', '4776 Cedar Ln', 'Dallas', 'USA', 'CA', '90210');
INSERT INTO property (property_type, property_name, frequency, unit, tarea, tarea_munit, property_address, city, property_country, property_province, zip_code) VALUES ('Condo', 'Brown Estates', 'Monthly', 41, '1000', 'sqft', '9563 Hill St', 'Dallas', 'USA', 'CA', '90210');
INSERT INTO property (property_type, property_name, frequency, unit, tarea, tarea_munit, property_address, city, property_country, property_province, zip_code) VALUES ('Commercial', 'Anderson Heights', 'Monthly', 9, '1000', 'sqft', '670 Maple Ave', 'New York', 'USA', 'CA', '90210');
INSERT INTO property (property_type, property_name, frequency, unit, tarea, tarea_munit, property_address, city, property_country, property_province, zip_code) VALUES ('Condo', 'Smith Plaza', 'Monthly', 19, '1000', 'sqft', '9294 Elm St', 'Dallas', 'USA', 'CA', '90210');
INSERT INTO property (property_type, property_name, frequency, unit, tarea, tarea_munit, property_address, city, property_country, property_province, zip_code) VALUES ('Single Family Home', 'Jones Plaza', 'Monthly', 48, '1000', 'sqft', '6069 Lake Rd', 'San Jose', 'USA', 'CA', '90210');
INSERT INTO property (property_type, property_name, frequency, unit, tarea, tarea_munit, property_address, city, property_country, property_province, zip_code) VALUES ('Apartment', 'Taylor Court', 'Monthly', 2, '1000', 'sqft', '8276 Washington Blvd', 'Chicago', 'USA', 'CA', '90210');
INSERT INTO property (property_type, property_name, frequency, unit, tarea, tarea_munit, property_address, city, property_country, property_province, zip_code) VALUES ('Single Family Home', 'Garcia Heights', 'Monthly', 4, '1000', 'sqft', '9485 Oak St', 'San Antonio', 'USA', 'CA', '90210');
INSERT INTO property (property_type, property_name, frequency, unit, tarea, tarea_munit, property_address, city, property_country, property_province, zip_code) VALUES ('Single Family Home', 'Johnson Court', 'Monthly', 18, '1000', 'sqft', '357 Pine St', 'Los Angeles', 'USA', 'CA', '90210');
INSERT INTO property (property_type, property_name, frequency, unit, tarea, tarea_munit, property_address, city, property_country, property_province, zip_code) VALUES ('Condo', 'Gonzalez Towers', 'Monthly', 21, '1000', 'sqft', '4831 Washington Blvd', 'Dallas', 'USA', 'CA', '90210');
INSERT INTO property (property_type, property_name, frequency, unit, tarea, tarea_munit, property_address, city, property_country, property_province, zip_code) VALUES ('Townhouse', 'Wilson Towers', 'Monthly', 6, '1000', 'sqft', '7315 Pine St', 'Phoenix', 'USA', 'CA', '90210');
INSERT INTO property (property_type, property_name, frequency, unit, tarea, tarea_munit, property_address, city, property_country, property_province, zip_code) VALUES ('Multi-Family', 'Martin Plaza', 'Monthly', 30, '1000', 'sqft', '822 Park Ave', 'Dallas', 'USA', 'CA', '90210');
INSERT INTO property (property_type, property_name, frequency, unit, tarea, tarea_munit, property_address, city, property_country, property_province, zip_code) VALUES ('Multi-Family', 'Thomas Court', 'Monthly', 29, '1000', 'sqft', '1322 Lake Rd', 'Dallas', 'USA', 'CA', '90210');
INSERT INTO property (property_type, property_name, frequency, unit, tarea, tarea_munit, property_address, city, property_country, property_province, zip_code) VALUES ('Condo', 'Anderson Court', 'Monthly', 2, '1000', 'sqft', '2120 Oak St', 'Los Angeles', 'USA', 'CA', '90210');
INSERT INTO property (property_type, property_name, frequency, unit, tarea, tarea_munit, property_address, city, property_country, property_province, zip_code) VALUES ('Multi-Family', 'Martinez Plaza', 'Monthly', 7, '1000', 'sqft', '7707 Main St', 'Philadelphia', 'USA', 'CA', '90210');
INSERT INTO property (property_type, property_name, frequency, unit, tarea, tarea_munit, property_address, city, property_country, property_province, zip_code) VALUES ('Apartment', 'Garcia Court', 'Monthly', 39, '1000', 'sqft', '538 Elm St', 'Dallas', 'USA', 'CA', '90210');
INSERT INTO property (property_type, property_name, frequency, unit, tarea, tarea_munit, property_address, city, property_country, property_province, zip_code) VALUES ('Condo', 'Williams Towers', 'Monthly', 35, '1000', 'sqft', '2273 Cedar Ln', 'San Diego', 'USA', 'CA', '90210');
INSERT INTO property (property_type, property_name, frequency, unit, tarea, tarea_munit, property_address, city, property_country, property_province, zip_code) VALUES ('Condo', 'Gonzalez Apartments', 'Monthly', 18, '1000', 'sqft', '1622 Maple Ave', 'Houston', 'USA', 'CA', '90210');
INSERT INTO property (property_type, property_name, frequency, unit, tarea, tarea_munit, property_address, city, property_country, property_province, zip_code) VALUES ('Townhouse', 'Wilson Apartments', 'Monthly', 25, '1000', 'sqft', '8358 Lake Rd', 'Philadelphia', 'USA', 'CA', '90210');
INSERT INTO property (property_type, property_name, frequency, unit, tarea, tarea_munit, property_address, city, property_country, property_province, zip_code) VALUES ('Multi-Family', 'Johnson Heights', 'Monthly', 46, '1000', 'sqft', '5723 Elm St', 'Phoenix', 'USA', 'CA', '90210');
INSERT INTO property (property_type, property_name, frequency, unit, tarea, tarea_munit, property_address, city, property_country, property_province, zip_code) VALUES ('Townhouse', 'Jones Towers', 'Monthly', 48, '1000', 'sqft', '6881 Hill St', 'San Diego', 'USA', 'CA', '90210');
INSERT INTO property (property_type, property_name, frequency, unit, tarea, tarea_munit, property_address, city, property_country, property_province, zip_code) VALUES ('Condo', 'Moore Plaza', 'Monthly', 6, '1000', 'sqft', '9459 Cedar Ln', 'Phoenix', 'USA', 'CA', '90210');
INSERT INTO property (property_type, property_name, frequency, unit, tarea, tarea_munit, property_address, city, property_country, property_province, zip_code) VALUES ('Condo', 'Brown Heights', 'Monthly', 47, '1000', 'sqft', '7339 Hill St', 'San Jose', 'USA', 'CA', '90210');
INSERT INTO property (property_type, property_name, frequency, unit, tarea, tarea_munit, property_address, city, property_country, property_province, zip_code) VALUES ('Condo', 'Williams Court', 'Monthly', 41, '1000', 'sqft', '5908 Maple Ave', 'San Jose', 'USA', 'CA', '90210');
INSERT INTO property (property_type, property_name, frequency, unit, tarea, tarea_munit, property_address, city, property_country, property_province, zip_code) VALUES ('Multi-Family', 'Anderson Towers', 'Monthly', 26, '1000', 'sqft', '1625 Maple Ave', 'Philadelphia', 'USA', 'CA', '90210');
INSERT INTO property (property_type, property_name, frequency, unit, tarea, tarea_munit, property_address, city, property_country, property_province, zip_code) VALUES ('Single Family Home', 'Davis Court', 'Monthly', 43, '1000', 'sqft', '3336 Lake Rd', 'Dallas', 'USA', 'CA', '90210');
INSERT INTO property (property_type, property_name, frequency, unit, tarea, tarea_munit, property_address, city, property_country, property_province, zip_code) VALUES ('Commercial', 'Williams Plaza', 'Monthly', 9, '1000', 'sqft', '3548 Cedar Ln', 'New York', 'USA', 'CA', '90210');
INSERT INTO property (property_type, property_name, frequency, unit, tarea, tarea_munit, property_address, city, property_country, property_province, zip_code) VALUES ('Commercial', 'Hernandez Estates', 'Monthly', 17, '1000', 'sqft', '4079 Park Ave', 'Phoenix', 'USA', 'CA', '90210');
INSERT INTO property (property_type, property_name, frequency, unit, tarea, tarea_munit, property_address, city, property_country, property_province, zip_code) VALUES ('Multi-Family', 'Wilson Court', 'Monthly', 29, '1000', 'sqft', '3108 Hill St', 'Chicago', 'USA', 'CA', '90210');
INSERT INTO property (property_type, property_name, frequency, unit, tarea, tarea_munit, property_address, city, property_country, property_province, zip_code) VALUES ('Commercial', 'Miller Plaza', 'Monthly', 42, '1000', 'sqft', '6516 Cedar Ln', 'Philadelphia', 'USA', 'CA', '90210');
INSERT INTO property (property_type, property_name, frequency, unit, tarea, tarea_munit, property_address, city, property_country, property_province, zip_code) VALUES ('Apartment', 'Hernandez Plaza', 'Monthly', 16, '1000', 'sqft', '1969 Elm St', 'San Diego', 'USA', 'CA', '90210');
INSERT INTO property (property_type, property_name, frequency, unit, tarea, tarea_munit, property_address, city, property_country, property_province, zip_code) VALUES ('Commercial', 'Garcia Towers', 'Monthly', 31, '1000', 'sqft', '4853 Lake Rd', 'Chicago', 'USA', 'CA', '90210');
INSERT INTO property (property_type, property_name, frequency, unit, tarea, tarea_munit, property_address, city, property_country, property_province, zip_code) VALUES ('Townhouse', 'Martin Heights', 'Monthly', 48, '1000', 'sqft', '1952 Elm St', 'New York', 'USA', 'CA', '90210');
INSERT INTO property (property_type, property_name, frequency, unit, tarea, tarea_munit, property_address, city, property_country, property_province, zip_code) VALUES ('Multi-Family', 'Smith Estates', 'Monthly', 41, '1000', 'sqft', '4921 Cedar Ln', 'San Antonio', 'USA', 'CA', '90210');
INSERT INTO property (property_type, property_name, frequency, unit, tarea, tarea_munit, property_address, city, property_country, property_province, zip_code) VALUES ('Apartment', 'Johnson Court', 'Monthly', 38, '1000', 'sqft', '8352 Pine St', 'Dallas', 'USA', 'CA', '90210');
INSERT INTO property (property_type, property_name, frequency, unit, tarea, tarea_munit, property_address, city, property_country, property_province, zip_code) VALUES ('Townhouse', 'Johnson Plaza', 'Monthly', 16, '1000', 'sqft', '1791 Main St', 'New York', 'USA', 'CA', '90210');
INSERT INTO property (property_type, property_name, frequency, unit, tarea, tarea_munit, property_address, city, property_country, property_province, zip_code) VALUES ('Multi-Family', 'Jackson Estates', 'Monthly', 44, '1000', 'sqft', '6998 Pine St', 'San Diego', 'USA', 'CA', '90210');
INSERT INTO property (property_type, property_name, frequency, unit, tarea, tarea_munit, property_address, city, property_country, property_province, zip_code) VALUES ('Townhouse', 'Jackson Plaza', 'Monthly', 13, '1000', 'sqft', '4573 Main St', 'Chicago', 'USA', 'CA', '90210');
INSERT INTO property (property_type, property_name, frequency, unit, tarea, tarea_munit, property_address, city, property_country, property_province, zip_code) VALUES ('Condo', 'Jones Plaza', 'Monthly', 36, '1000', 'sqft', '2475 Elm St', 'Philadelphia', 'USA', 'CA', '90210');
INSERT INTO property (property_type, property_name, frequency, unit, tarea, tarea_munit, property_address, city, property_country, property_province, zip_code) VALUES ('Condo', 'Smith Heights', 'Monthly', 46, '1000', 'sqft', '2969 Lake Rd', 'Chicago', 'USA', 'CA', '90210');
INSERT INTO property (property_type, property_name, frequency, unit, tarea, tarea_munit, property_address, city, property_country, property_province, zip_code) VALUES ('Condo', 'Martin Towers', 'Monthly', 42, '1000', 'sqft', '3867 Washington Blvd', 'Dallas', 'USA', 'CA', '90210');
INSERT INTO property (property_type, property_name, frequency, unit, tarea, tarea_munit, property_address, city, property_country, property_province, zip_code) VALUES ('Townhouse', 'Johnson Towers', 'Monthly', 22, '1000', 'sqft', '829 Washington Blvd', 'San Antonio', 'USA', 'CA', '90210');
INSERT INTO property (property_type, property_name, frequency, unit, tarea, tarea_munit, property_address, city, property_country, property_province, zip_code) VALUES ('Single Family Home', 'Jackson Heights', 'Monthly', 5, '1000', 'sqft', '1115 Main St', 'Houston', 'USA', 'CA', '90210');
INSERT INTO property (property_type, property_name, frequency, unit, tarea, tarea_munit, property_address, city, property_country, property_province, zip_code) VALUES ('Apartment', 'Anderson Apartments', 'Monthly', 13, '1000', 'sqft', '1670 Park Ave', 'New York', 'USA', 'CA', '90210');
INSERT INTO property (property_type, property_name, frequency, unit, tarea, tarea_munit, property_address, city, property_country, property_province, zip_code) VALUES ('Multi-Family', 'Rodriguez Court', 'Monthly', 40, '1000', 'sqft', '8959 Oak St', 'Chicago', 'USA', 'CA', '90210');
INSERT INTO property (property_type, property_name, frequency, unit, tarea, tarea_munit, property_address, city, property_country, property_province, zip_code) VALUES ('Apartment', 'Jackson Plaza', 'Monthly', 48, '1000', 'sqft', '6648 Lake Rd', 'San Diego', 'USA', 'CA', '90210');
INSERT INTO property (property_type, property_name, frequency, unit, tarea, tarea_munit, property_address, city, property_country, property_province, zip_code) VALUES ('Multi-Family', 'Miller Heights', 'Monthly', 13, '1000', 'sqft', '9802 Pine St', 'Chicago', 'USA', 'CA', '90210');
INSERT INTO unit (unit_name, unit_type, property_name, floor_number, bedrooms, bathrooms, trent, trent_period, vacant_status) VALUES ('Unit 1', 'Residential', 1, 4, 4, 2, '2213', 'Monthly', 1);
INSERT INTO unit (unit_name, unit_type, property_name, floor_number, bedrooms, bathrooms, trent, trent_period, vacant_status) VALUES ('Unit 2', 'Residential', 1, 4, 1, 2, '2580', 'Monthly', 1);
INSERT INTO unit (unit_name, unit_type, property_name, floor_number, bedrooms, bathrooms, trent, trent_period, vacant_status) VALUES ('Unit 3', 'Residential', 1, 5, 4, 1, '1986', 'Monthly', 1);
INSERT INTO unit (unit_name, unit_type, property_name, floor_number, bedrooms, bathrooms, trent, trent_period, vacant_status) VALUES ('Unit 4', 'Residential', 1, 1, 2, 3, '3171', 'Monthly', 1);
INSERT INTO unit (unit_name, unit_type, property_name, floor_number, bedrooms, bathrooms, trent, trent_period, vacant_status) VALUES ('Unit 5', 'Residential', 1, 3, 2, 1, '1144', 'Monthly', 1);
INSERT INTO unit (unit_name, unit_type, property_name, floor_number, bedrooms, bathrooms, trent, trent_period, vacant_status) VALUES ('Unit 6', 'Residential', 1, 5, 2, 2, '2077', 'Monthly', 1);
INSERT INTO unit (unit_name, unit_type, property_name, floor_number, bedrooms, bathrooms, trent, trent_period, vacant_status) VALUES ('Unit 7', 'Residential', 1, 2, 4, 1, '1218', 'Monthly', 0);
INSERT INTO unit (unit_name, unit_type, property_name, floor_number, bedrooms, bathrooms, trent, trent_period, vacant_status) VALUES ('Unit 8', 'Residential', 1, 5, 3, 1, '1140', 'Monthly', 1);
INSERT INTO unit (unit_name, unit_type, property_name, floor_number, bedrooms, bathrooms, trent, trent_period, vacant_status) VALUES ('Unit 1', 'Residential', 2, 3, 3, 2, '2951', 'Monthly', 0);
INSERT INTO unit (unit_name, unit_type, property_name, floor_number, bedrooms, bathrooms, trent, trent_period, vacant_status) VALUES ('Unit 2', 'Residential', 2, 5, 2, 1, '1105', 'Monthly', 1);
INSERT INTO unit (unit_name, unit_type, property_name, floor_number, bedrooms, bathrooms, trent, trent_period, vacant_status) VALUES ('Unit 3', 'Residential', 2, 5, 4, 1, '1155', 'Monthly', 0);
INSERT INTO unit (unit_name, unit_type, property_name, floor_number, bedrooms, bathrooms, trent, trent_period, vacant_status) VALUES ('Unit 4', 'Residential', 2, 1, 2, 3, '2850', 'Monthly', 1);
INSERT INTO unit (unit_name, unit_type, property_name, floor_number, bedrooms, bathrooms, trent, trent_period, vacant_status) VALUES ('Unit 5', 'Residential', 2, 5, 1, 3, '2472', 'Monthly', 1);
INSERT INTO unit (unit_name, unit_type, property_name, floor_number, bedrooms, bathrooms, trent, trent_period, vacant_status) VALUES ('Unit 6', 'Residential', 2, 3, 4, 3, '3256', 'Monthly', 1);
INSERT INTO unit (unit_name, unit_type, property_name, floor_number, bedrooms, bathrooms, trent, trent_period, vacant_status) VALUES ('Unit 7', 'Residential', 2, 4, 4, 2, '3222', 'Monthly', 0);
INSERT INTO unit (unit_name, unit_type, property_name, floor_number, bedrooms, bathrooms, trent, trent_period, vacant_status) VALUES ('Unit 8', 'Residential', 2, 1, 3, 3, '1527', 'Monthly', 1);
INSERT INTO unit (unit_name, unit_type, property_name, floor_number, bedrooms, bathrooms, trent, trent_period, vacant_status) VALUES ('Unit 9', 'Residential', 2, 1, 4, 3, '3189', 'Monthly', 0);
INSERT INTO unit (unit_name, unit_type, property_name, floor_number, bedrooms, bathrooms, trent, trent_period, vacant_status) VALUES ('Unit 10', 'Residential', 2, 2, 4, 3, '3060', 'Monthly', 0);
INSERT INTO unit (unit_name, unit_type, property_name, floor_number, bedrooms, bathrooms, trent, trent_period, vacant_status) VALUES ('Unit 1', 'Residential', 3, 5, 3, 2, '1668', 'Monthly', 0);
INSERT INTO unit (unit_name, unit_type, property_name, floor_number, bedrooms, bathrooms, trent, trent_period, vacant_status) VALUES ('Unit 2', 'Residential', 3, 4, 2, 1, '3187', 'Monthly', 1);
INSERT INTO unit (unit_name, unit_type, property_name, floor_number, bedrooms, bathrooms, trent, trent_period, vacant_status) VALUES ('Unit 3', 'Residential', 3, 1, 4, 2, '1294', 'Monthly', 0);
INSERT INTO unit (unit_name, unit_type, property_name, floor_number, bedrooms, bathrooms, trent, trent_period, vacant_status) VALUES ('Unit 4', 'Residential', 3, 1, 3, 2, '2584', 'Monthly', 1);
INSERT INTO unit (unit_name, unit_type, property_name, floor_number, bedrooms, bathrooms, trent, trent_period, vacant_status) VALUES ('Unit 5', 'Residential', 3, 4, 3, 3, '2886', 'Monthly', 1);
INSERT INTO unit (unit_name, unit_type, property_name, floor_number, bedrooms, bathrooms, trent, trent_period, vacant_status) VALUES ('Unit 6', 'Residential', 3, 5, 2, 1, '2928', 'Monthly', 0);
INSERT INTO unit (unit_name, unit_type, property_name, floor_number, bedrooms, bathrooms, trent, trent_period, vacant_status) VALUES ('Unit 7', 'Residential', 3, 2, 2, 2, '2982', 'Monthly', 0);
INSERT INTO unit (unit_name, unit_type, property_name, floor_number, bedrooms, bathrooms, trent, trent_period, vacant_status) VALUES ('Unit 8', 'Residential', 3, 3, 3, 1, '2466', 'Monthly', 0);
INSERT INTO unit (unit_name, unit_type, property_name, floor_number, bedrooms, bathrooms, trent, trent_period, vacant_status) VALUES ('Unit 9', 'Residential', 3, 1, 4, 3, '1826', 'Monthly', 0);
INSERT INTO unit (unit_name, unit_type, property_name, floor_number, bedrooms, bathrooms, trent, trent_period, vacant_status) VALUES ('Unit 10', 'Residential', 3, 1, 3, 1, '2221', 'Monthly', 1);
INSERT INTO unit (unit_name, unit_type, property_name, floor_number, bedrooms, bathrooms, trent, trent_period, vacant_status) VALUES ('Unit 1', 'Residential', 4, 2, 3, 2, '1868', 'Monthly', 0);
INSERT INTO unit (unit_name, unit_type, property_name, floor_number, bedrooms, bathrooms, trent, trent_period, vacant_status) VALUES ('Unit 2', 'Residential', 4, 2, 3, 1, '3142', 'Monthly', 0);
INSERT INTO unit (unit_name, unit_type, property_name, floor_number, bedrooms, bathrooms, trent, trent_period, vacant_status) VALUES ('Unit 3', 'Residential', 4, 4, 2, 1, '3188', 'Monthly', 0);
INSERT INTO unit (unit_name, unit_type, property_name, floor_number, bedrooms, bathrooms, trent, trent_period, vacant_status) VALUES ('Unit 4', 'Residential', 4, 3, 3, 3, '1841', 'Monthly', 1);
INSERT INTO unit (unit_name, unit_type, property_name, floor_number, bedrooms, bathrooms, trent, trent_period, vacant_status) VALUES ('Unit 5', 'Residential', 4, 3, 1, 3, '883', 'Monthly', 0);
INSERT INTO unit (unit_name, unit_type, property_name, floor_number, bedrooms, bathrooms, trent, trent_period, vacant_status) VALUES ('Unit 6', 'Residential', 4, 1, 3, 2, '3347', 'Monthly', 1);
INSERT INTO unit (unit_name, unit_type, property_name, floor_number, bedrooms, bathrooms, trent, trent_period, vacant_status) VALUES ('Unit 7', 'Residential', 4, 4, 4, 1, '1164', 'Monthly', 1);
INSERT INTO unit (unit_name, unit_type, property_name, floor_number, bedrooms, bathrooms, trent, trent_period, vacant_status) VALUES ('Unit 8', 'Residential', 4, 4, 1, 3, '2136', 'Monthly', 1);
INSERT INTO unit (unit_name, unit_type, property_name, floor_number, bedrooms, bathrooms, trent, trent_period, vacant_status) VALUES ('Unit 9', 'Residential', 4, 1, 3, 3, '1358', 'Monthly', 1);
INSERT INTO unit (unit_name, unit_type, property_name, floor_number, bedrooms, bathrooms, trent, trent_period, vacant_status) VALUES ('Unit 1', 'Residential', 5, 4, 2, 1, '3040', 'Monthly', 0);
INSERT INTO unit (unit_name, unit_type, property_name, floor_number, bedrooms, bathrooms, trent, trent_period, vacant_status) VALUES ('Unit 2', 'Residential', 5, 4, 2, 2, '3442', 'Monthly', 1);
INSERT INTO unit (unit_name, unit_type, property_name, floor_number, bedrooms, bathrooms, trent, trent_period, vacant_status) VALUES ('Unit 3', 'Residential', 5, 4, 3, 1, '2480', 'Monthly', 1);
INSERT INTO unit (unit_name, unit_type, property_name, floor_number, bedrooms, bathrooms, trent, trent_period, vacant_status) VALUES ('Unit 4', 'Residential', 5, 1, 1, 3, '2167', 'Monthly', 0);
INSERT INTO unit (unit_name, unit_type, property_name, floor_number, bedrooms, bathrooms, trent, trent_period, vacant_status) VALUES ('Unit 5', 'Residential', 5, 2, 2, 3, '2047', 'Monthly', 1);
INSERT INTO unit (unit_name, unit_type, property_name, floor_number, bedrooms, bathrooms, trent, trent_period, vacant_status) VALUES ('Unit 6', 'Residential', 5, 1, 3, 1, '2324', 'Monthly', 1);
INSERT INTO unit (unit_name, unit_type, property_name, floor_number, bedrooms, bathrooms, trent, trent_period, vacant_status) VALUES ('Unit 7', 'Residential', 5, 4, 2, 2, '2218', 'Monthly', 1);
INSERT INTO unit (unit_name, unit_type, property_name, floor_number, bedrooms, bathrooms, trent, trent_period, vacant_status) VALUES ('Unit 1', 'Residential', 6, 4, 1, 3, '975', 'Monthly', 0);
INSERT INTO unit (unit_name, unit_type, property_name, floor_number, bedrooms, bathrooms, trent, trent_period, vacant_status) VALUES ('Unit 2', 'Residential', 6, 5, 2, 1, '872', 'Monthly', 0);
INSERT INTO unit (unit_name, unit_type, property_name, floor_number, bedrooms, bathrooms, trent, trent_period, vacant_status) VALUES ('Unit 3', 'Residential', 6, 1, 3, 2, '3249', 'Monthly', 0);
INSERT INTO unit (unit_name, unit_type, property_name, floor_number, bedrooms, bathrooms, trent, trent_period, vacant_status) VALUES ('Unit 4', 'Residential', 6, 2, 4, 1, '1226', 'Monthly', 0);
INSERT INTO unit (unit_name, unit_type, property_name, floor_number, bedrooms, bathrooms, trent, trent_period, vacant_status) VALUES ('Unit 5', 'Residential', 6, 1, 4, 3, '2404', 'Monthly', 0);
INSERT INTO unit (unit_name, unit_type, property_name, floor_number, bedrooms, bathrooms, trent, trent_period, vacant_status) VALUES ('Unit 1', 'Residential', 7, 2, 4, 1, '2740', 'Monthly', 1);
INSERT INTO unit (unit_name, unit_type, property_name, floor_number, bedrooms, bathrooms, trent, trent_period, vacant_status) VALUES ('Unit 2', 'Residential', 7, 1, 4, 1, '2381', 'Monthly', 0);
INSERT INTO unit (unit_name, unit_type, property_name, floor_number, bedrooms, bathrooms, trent, trent_period, vacant_status) VALUES ('Unit 3', 'Residential', 7, 3, 1, 3, '2734', 'Monthly', 0);
INSERT INTO unit (unit_name, unit_type, property_name, floor_number, bedrooms, bathrooms, trent, trent_period, vacant_status) VALUES ('Unit 4', 'Residential', 7, 4, 1, 3, '3479', 'Monthly', 0);
INSERT INTO unit (unit_name, unit_type, property_name, floor_number, bedrooms, bathrooms, trent, trent_period, vacant_status) VALUES ('Unit 5', 'Residential', 7, 4, 2, 1, '3452', 'Monthly', 1);
INSERT INTO unit (unit_name, unit_type, property_name, floor_number, bedrooms, bathrooms, trent, trent_period, vacant_status) VALUES ('Unit 1', 'Residential', 8, 4, 1, 2, '1446', 'Monthly', 1);
INSERT INTO unit (unit_name, unit_type, property_name, floor_number, bedrooms, bathrooms, trent, trent_period, vacant_status) VALUES ('Unit 2', 'Residential', 8, 2, 1, 3, '1947', 'Monthly', 0);
INSERT INTO unit (unit_name, unit_type, property_name, floor_number, bedrooms, bathrooms, trent, trent_period, vacant_status) VALUES ('Unit 3', 'Residential', 8, 1, 1, 1, '1854', 'Monthly', 1);
INSERT INTO unit (unit_name, unit_type, property_name, floor_number, bedrooms, bathrooms, trent, trent_period, vacant_status) VALUES ('Unit 4', 'Residential', 8, 3, 3, 3, '3204', 'Monthly', 1);
INSERT INTO unit (unit_name, unit_type, property_name, floor_number, bedrooms, bathrooms, trent, trent_period, vacant_status) VALUES ('Unit 5', 'Residential', 8, 1, 4, 1, '2850', 'Monthly', 0);
INSERT INTO unit (unit_name, unit_type, property_name, floor_number, bedrooms, bathrooms, trent, trent_period, vacant_status) VALUES ('Unit 6', 'Residential', 8, 1, 1, 1, '1740', 'Monthly', 1);
INSERT INTO unit (unit_name, unit_type, property_name, floor_number, bedrooms, bathrooms, trent, trent_period, vacant_status) VALUES ('Unit 7', 'Residential', 8, 4, 2, 3, '2189', 'Monthly', 0);
INSERT INTO unit (unit_name, unit_type, property_name, floor_number, bedrooms, bathrooms, trent, trent_period, vacant_status) VALUES ('Unit 8', 'Residential', 8, 5, 4, 3, '2406', 'Monthly', 1);
INSERT INTO unit (unit_name, unit_type, property_name, floor_number, bedrooms, bathrooms, trent, trent_period, vacant_status) VALUES ('Unit 9', 'Residential', 8, 1, 1, 3, '1376', 'Monthly', 1);
INSERT INTO unit (unit_name, unit_type, property_name, floor_number, bedrooms, bathrooms, trent, trent_period, vacant_status) VALUES ('Unit 10', 'Residential', 8, 4, 3, 2, '2182', 'Monthly', 0);
INSERT INTO unit (unit_name, unit_type, property_name, floor_number, bedrooms, bathrooms, trent, trent_period, vacant_status) VALUES ('Unit 1', 'Residential', 9, 2, 3, 1, '2360', 'Monthly', 0);
INSERT INTO unit (unit_name, unit_type, property_name, floor_number, bedrooms, bathrooms, trent, trent_period, vacant_status) VALUES ('Unit 2', 'Residential', 9, 1, 3, 1, '1845', 'Monthly', 1);
INSERT INTO unit (unit_name, unit_type, property_name, floor_number, bedrooms, bathrooms, trent, trent_period, vacant_status) VALUES ('Unit 3', 'Residential', 9, 1, 3, 1, '1448', 'Monthly', 1);
INSERT INTO unit (unit_name, unit_type, property_name, floor_number, bedrooms, bathrooms, trent, trent_period, vacant_status) VALUES ('Unit 4', 'Residential', 9, 5, 2, 3, '1224', 'Monthly', 0);
INSERT INTO unit (unit_name, unit_type, property_name, floor_number, bedrooms, bathrooms, trent, trent_period, vacant_status) VALUES ('Unit 5', 'Residential', 9, 3, 3, 2, '3126', 'Monthly', 1);
INSERT INTO unit (unit_name, unit_type, property_name, floor_number, bedrooms, bathrooms, trent, trent_period, vacant_status) VALUES ('Unit 6', 'Residential', 9, 5, 2, 2, '870', 'Monthly', 1);
INSERT INTO unit (unit_name, unit_type, property_name, floor_number, bedrooms, bathrooms, trent, trent_period, vacant_status) VALUES ('Unit 7', 'Residential', 9, 2, 4, 1, '2630', 'Monthly', 1);
INSERT INTO unit (unit_name, unit_type, property_name, floor_number, bedrooms, bathrooms, trent, trent_period, vacant_status) VALUES ('Unit 1', 'Residential', 10, 4, 1, 3, '1432', 'Monthly', 1);
INSERT INTO unit (unit_name, unit_type, property_name, floor_number, bedrooms, bathrooms, trent, trent_period, vacant_status) VALUES ('Unit 2', 'Residential', 10, 5, 1, 1, '1469', 'Monthly', 1);
INSERT INTO unit (unit_name, unit_type, property_name, floor_number, bedrooms, bathrooms, trent, trent_period, vacant_status) VALUES ('Unit 3', 'Residential', 10, 5, 4, 1, '1581', 'Monthly', 1);
INSERT INTO unit (unit_name, unit_type, property_name, floor_number, bedrooms, bathrooms, trent, trent_period, vacant_status) VALUES ('Unit 4', 'Residential', 10, 1, 1, 1, '1494', 'Monthly', 1);
INSERT INTO unit (unit_name, unit_type, property_name, floor_number, bedrooms, bathrooms, trent, trent_period, vacant_status) VALUES ('Unit 5', 'Residential', 10, 2, 3, 1, '1721', 'Monthly', 0);
INSERT INTO unit (unit_name, unit_type, property_name, floor_number, bedrooms, bathrooms, trent, trent_period, vacant_status) VALUES ('Unit 6', 'Residential', 10, 1, 2, 1, '2999', 'Monthly', 1);
INSERT INTO unit (unit_name, unit_type, property_name, floor_number, bedrooms, bathrooms, trent, trent_period, vacant_status) VALUES ('Unit 7', 'Residential', 10, 1, 2, 1, '2609', 'Monthly', 1);
INSERT INTO unit (unit_name, unit_type, property_name, floor_number, bedrooms, bathrooms, trent, trent_period, vacant_status) VALUES ('Unit 1', 'Residential', 11, 1, 1, 3, '2241', 'Monthly', 0);
INSERT INTO unit (unit_name, unit_type, property_name, floor_number, bedrooms, bathrooms, trent, trent_period, vacant_status) VALUES ('Unit 2', 'Residential', 11, 4, 3, 2, '2078', 'Monthly', 0);
INSERT INTO unit (unit_name, unit_type, property_name, floor_number, bedrooms, bathrooms, trent, trent_period, vacant_status) VALUES ('Unit 3', 'Residential', 11, 3, 4, 3, '3448', 'Monthly', 0);
INSERT INTO unit (unit_name, unit_type, property_name, floor_number, bedrooms, bathrooms, trent, trent_period, vacant_status) VALUES ('Unit 4', 'Residential', 11, 5, 3, 2, '3253', 'Monthly', 1);
INSERT INTO unit (unit_name, unit_type, property_name, floor_number, bedrooms, bathrooms, trent, trent_period, vacant_status) VALUES ('Unit 5', 'Residential', 11, 1, 1, 3, '3104', 'Monthly', 0);
INSERT INTO unit (unit_name, unit_type, property_name, floor_number, bedrooms, bathrooms, trent, trent_period, vacant_status) VALUES ('Unit 6', 'Residential', 11, 5, 3, 1, '1771', 'Monthly', 0);
INSERT INTO unit (unit_name, unit_type, property_name, floor_number, bedrooms, bathrooms, trent, trent_period, vacant_status) VALUES ('Unit 1', 'Residential', 12, 1, 1, 1, '1503', 'Monthly', 0);
INSERT INTO unit (unit_name, unit_type, property_name, floor_number, bedrooms, bathrooms, trent, trent_period, vacant_status) VALUES ('Unit 2', 'Residential', 12, 2, 4, 3, '999', 'Monthly', 1);
INSERT INTO unit (unit_name, unit_type, property_name, floor_number, bedrooms, bathrooms, trent, trent_period, vacant_status) VALUES ('Unit 3', 'Residential', 12, 1, 2, 3, '838', 'Monthly', 0);
INSERT INTO unit (unit_name, unit_type, property_name, floor_number, bedrooms, bathrooms, trent, trent_period, vacant_status) VALUES ('Unit 4', 'Residential', 12, 4, 3, 3, '3010', 'Monthly', 1);
INSERT INTO unit (unit_name, unit_type, property_name, floor_number, bedrooms, bathrooms, trent, trent_period, vacant_status) VALUES ('Unit 5', 'Residential', 12, 5, 2, 2, '959', 'Monthly', 1);
INSERT INTO unit (unit_name, unit_type, property_name, floor_number, bedrooms, bathrooms, trent, trent_period, vacant_status) VALUES ('Unit 6', 'Residential', 12, 5, 3, 2, '999', 'Monthly', 0);
INSERT INTO unit (unit_name, unit_type, property_name, floor_number, bedrooms, bathrooms, trent, trent_period, vacant_status) VALUES ('Unit 7', 'Residential', 12, 3, 3, 2, '1522', 'Monthly', 0);
INSERT INTO unit (unit_name, unit_type, property_name, floor_number, bedrooms, bathrooms, trent, trent_period, vacant_status) VALUES ('Unit 1', 'Residential', 13, 1, 3, 2, '1931', 'Monthly', 1);
INSERT INTO unit (unit_name, unit_type, property_name, floor_number, bedrooms, bathrooms, trent, trent_period, vacant_status) VALUES ('Unit 2', 'Residential', 13, 5, 4, 3, '1996', 'Monthly', 0);
INSERT INTO unit (unit_name, unit_type, property_name, floor_number, bedrooms, bathrooms, trent, trent_period, vacant_status) VALUES ('Unit 3', 'Residential', 13, 2, 3, 3, '3051', 'Monthly', 1);
INSERT INTO unit (unit_name, unit_type, property_name, floor_number, bedrooms, bathrooms, trent, trent_period, vacant_status) VALUES ('Unit 4', 'Residential', 13, 5, 2, 2, '3087', 'Monthly', 1);
INSERT INTO unit (unit_name, unit_type, property_name, floor_number, bedrooms, bathrooms, trent, trent_period, vacant_status) VALUES ('Unit 5', 'Residential', 13, 1, 3, 1, '2886', 'Monthly', 0);
INSERT INTO unit (unit_name, unit_type, property_name, floor_number, bedrooms, bathrooms, trent, trent_period, vacant_status) VALUES ('Unit 6', 'Residential', 13, 5, 4, 1, '2973', 'Monthly', 1);
INSERT INTO unit (unit_name, unit_type, property_name, floor_number, bedrooms, bathrooms, trent, trent_period, vacant_status) VALUES ('Unit 1', 'Residential', 14, 2, 2, 3, '833', 'Monthly', 1);
INSERT INTO unit (unit_name, unit_type, property_name, floor_number, bedrooms, bathrooms, trent, trent_period, vacant_status) VALUES ('Unit 2', 'Residential', 14, 4, 1, 2, '2072', 'Monthly', 1);
INSERT INTO unit (unit_name, unit_type, property_name, floor_number, bedrooms, bathrooms, trent, trent_period, vacant_status) VALUES ('Unit 3', 'Residential', 14, 4, 3, 2, '1541', 'Monthly', 1);
INSERT INTO unit (unit_name, unit_type, property_name, floor_number, bedrooms, bathrooms, trent, trent_period, vacant_status) VALUES ('Unit 4', 'Residential', 14, 4, 1, 1, '1036', 'Monthly', 1);
INSERT INTO unit (unit_name, unit_type, property_name, floor_number, bedrooms, bathrooms, trent, trent_period, vacant_status) VALUES ('Unit 5', 'Residential', 14, 3, 3, 2, '2229', 'Monthly', 0);
INSERT INTO unit (unit_name, unit_type, property_name, floor_number, bedrooms, bathrooms, trent, trent_period, vacant_status) VALUES ('Unit 6', 'Residential', 14, 5, 2, 2, '1523', 'Monthly', 1);
INSERT INTO unit (unit_name, unit_type, property_name, floor_number, bedrooms, bathrooms, trent, trent_period, vacant_status) VALUES ('Unit 7', 'Residential', 14, 1, 4, 3, '2973', 'Monthly', 0);
INSERT INTO unit (unit_name, unit_type, property_name, floor_number, bedrooms, bathrooms, trent, trent_period, vacant_status) VALUES ('Unit 1', 'Residential', 15, 4, 3, 3, '3148', 'Monthly', 0);
INSERT INTO unit (unit_name, unit_type, property_name, floor_number, bedrooms, bathrooms, trent, trent_period, vacant_status) VALUES ('Unit 2', 'Residential', 15, 2, 3, 3, '1523', 'Monthly', 1);
INSERT INTO unit (unit_name, unit_type, property_name, floor_number, bedrooms, bathrooms, trent, trent_period, vacant_status) VALUES ('Unit 3', 'Residential', 15, 5, 3, 3, '2269', 'Monthly', 1);
INSERT INTO unit (unit_name, unit_type, property_name, floor_number, bedrooms, bathrooms, trent, trent_period, vacant_status) VALUES ('Unit 4', 'Residential', 15, 1, 4, 1, '1686', 'Monthly', 0);
INSERT INTO unit (unit_name, unit_type, property_name, floor_number, bedrooms, bathrooms, trent, trent_period, vacant_status) VALUES ('Unit 5', 'Residential', 15, 1, 4, 3, '2469', 'Monthly', 0);
INSERT INTO unit (unit_name, unit_type, property_name, floor_number, bedrooms, bathrooms, trent, trent_period, vacant_status) VALUES ('Unit 6', 'Residential', 15, 4, 2, 3, '1068', 'Monthly', 0);
INSERT INTO unit (unit_name, unit_type, property_name, floor_number, bedrooms, bathrooms, trent, trent_period, vacant_status) VALUES ('Unit 7', 'Residential', 15, 5, 1, 3, '3248', 'Monthly', 0);
INSERT INTO unit (unit_name, unit_type, property_name, floor_number, bedrooms, bathrooms, trent, trent_period, vacant_status) VALUES ('Unit 1', 'Residential', 16, 2, 3, 2, '1618', 'Monthly', 1);
INSERT INTO unit (unit_name, unit_type, property_name, floor_number, bedrooms, bathrooms, trent, trent_period, vacant_status) VALUES ('Unit 2', 'Residential', 16, 3, 3, 2, '1021', 'Monthly', 1);
INSERT INTO unit (unit_name, unit_type, property_name, floor_number, bedrooms, bathrooms, trent, trent_period, vacant_status) VALUES ('Unit 3', 'Residential', 16, 1, 4, 3, '2688', 'Monthly', 1);
INSERT INTO unit (unit_name, unit_type, property_name, floor_number, bedrooms, bathrooms, trent, trent_period, vacant_status) VALUES ('Unit 4', 'Residential', 16, 2, 3, 1, '818', 'Monthly', 1);
INSERT INTO unit (unit_name, unit_type, property_name, floor_number, bedrooms, bathrooms, trent, trent_period, vacant_status) VALUES ('Unit 5', 'Residential', 16, 5, 2, 2, '1822', 'Monthly', 1);
INSERT INTO unit (unit_name, unit_type, property_name, floor_number, bedrooms, bathrooms, trent, trent_period, vacant_status) VALUES ('Unit 1', 'Residential', 17, 1, 1, 1, '1109', 'Monthly', 0);
INSERT INTO unit (unit_name, unit_type, property_name, floor_number, bedrooms, bathrooms, trent, trent_period, vacant_status) VALUES ('Unit 2', 'Residential', 17, 3, 3, 2, '1174', 'Monthly', 0);
INSERT INTO unit (unit_name, unit_type, property_name, floor_number, bedrooms, bathrooms, trent, trent_period, vacant_status) VALUES ('Unit 3', 'Residential', 17, 3, 3, 1, '2583', 'Monthly', 0);
INSERT INTO unit (unit_name, unit_type, property_name, floor_number, bedrooms, bathrooms, trent, trent_period, vacant_status) VALUES ('Unit 4', 'Residential', 17, 4, 4, 2, '2240', 'Monthly', 1);
INSERT INTO unit (unit_name, unit_type, property_name, floor_number, bedrooms, bathrooms, trent, trent_period, vacant_status) VALUES ('Unit 5', 'Residential', 17, 1, 2, 2, '1599', 'Monthly', 0);
INSERT INTO unit (unit_name, unit_type, property_name, floor_number, bedrooms, bathrooms, trent, trent_period, vacant_status) VALUES ('Unit 6', 'Residential', 17, 4, 3, 3, '1172', 'Monthly', 0);
INSERT INTO unit (unit_name, unit_type, property_name, floor_number, bedrooms, bathrooms, trent, trent_period, vacant_status) VALUES ('Unit 7', 'Residential', 17, 4, 3, 3, '2225', 'Monthly', 0);
INSERT INTO unit (unit_name, unit_type, property_name, floor_number, bedrooms, bathrooms, trent, trent_period, vacant_status) VALUES ('Unit 1', 'Residential', 18, 5, 1, 3, '2906', 'Monthly', 1);
INSERT INTO unit (unit_name, unit_type, property_name, floor_number, bedrooms, bathrooms, trent, trent_period, vacant_status) VALUES ('Unit 2', 'Residential', 18, 5, 2, 2, '2570', 'Monthly', 0);
INSERT INTO unit (unit_name, unit_type, property_name, floor_number, bedrooms, bathrooms, trent, trent_period, vacant_status) VALUES ('Unit 3', 'Residential', 18, 2, 1, 1, '2782', 'Monthly', 1);
INSERT INTO unit (unit_name, unit_type, property_name, floor_number, bedrooms, bathrooms, trent, trent_period, vacant_status) VALUES ('Unit 4', 'Residential', 18, 4, 1, 1, '900', 'Monthly', 0);
INSERT INTO unit (unit_name, unit_type, property_name, floor_number, bedrooms, bathrooms, trent, trent_period, vacant_status) VALUES ('Unit 5', 'Residential', 18, 1, 3, 1, '881', 'Monthly', 1);
INSERT INTO unit (unit_name, unit_type, property_name, floor_number, bedrooms, bathrooms, trent, trent_period, vacant_status) VALUES ('Unit 6', 'Residential', 18, 5, 3, 3, '2116', 'Monthly', 0);
INSERT INTO unit (unit_name, unit_type, property_name, floor_number, bedrooms, bathrooms, trent, trent_period, vacant_status) VALUES ('Unit 7', 'Residential', 18, 3, 1, 1, '2207', 'Monthly', 0);
INSERT INTO unit (unit_name, unit_type, property_name, floor_number, bedrooms, bathrooms, trent, trent_period, vacant_status) VALUES ('Unit 8', 'Residential', 18, 2, 2, 2, '3046', 'Monthly', 1);
INSERT INTO unit (unit_name, unit_type, property_name, floor_number, bedrooms, bathrooms, trent, trent_period, vacant_status) VALUES ('Unit 9', 'Residential', 18, 4, 4, 1, '3050', 'Monthly', 0);
INSERT INTO unit (unit_name, unit_type, property_name, floor_number, bedrooms, bathrooms, trent, trent_period, vacant_status) VALUES ('Unit 1', 'Residential', 19, 3, 3, 3, '2621', 'Monthly', 0);
INSERT INTO unit (unit_name, unit_type, property_name, floor_number, bedrooms, bathrooms, trent, trent_period, vacant_status) VALUES ('Unit 2', 'Residential', 19, 4, 3, 1, '2807', 'Monthly', 1);
INSERT INTO unit (unit_name, unit_type, property_name, floor_number, bedrooms, bathrooms, trent, trent_period, vacant_status) VALUES ('Unit 3', 'Residential', 19, 3, 1, 1, '1216', 'Monthly', 0);
INSERT INTO unit (unit_name, unit_type, property_name, floor_number, bedrooms, bathrooms, trent, trent_period, vacant_status) VALUES ('Unit 4', 'Residential', 19, 2, 1, 1, '1306', 'Monthly', 1);
INSERT INTO unit (unit_name, unit_type, property_name, floor_number, bedrooms, bathrooms, trent, trent_period, vacant_status) VALUES ('Unit 5', 'Residential', 19, 5, 2, 2, '2787', 'Monthly', 1);
INSERT INTO unit (unit_name, unit_type, property_name, floor_number, bedrooms, bathrooms, trent, trent_period, vacant_status) VALUES ('Unit 6', 'Residential', 19, 3, 1, 1, '935', 'Monthly', 1);
INSERT INTO unit (unit_name, unit_type, property_name, floor_number, bedrooms, bathrooms, trent, trent_period, vacant_status) VALUES ('Unit 7', 'Residential', 19, 5, 2, 2, '3050', 'Monthly', 0);
INSERT INTO unit (unit_name, unit_type, property_name, floor_number, bedrooms, bathrooms, trent, trent_period, vacant_status) VALUES ('Unit 8', 'Residential', 19, 2, 4, 1, '1660', 'Monthly', 1);
INSERT INTO unit (unit_name, unit_type, property_name, floor_number, bedrooms, bathrooms, trent, trent_period, vacant_status) VALUES ('Unit 1', 'Residential', 20, 3, 3, 1, '2705', 'Monthly', 1);
INSERT INTO unit (unit_name, unit_type, property_name, floor_number, bedrooms, bathrooms, trent, trent_period, vacant_status) VALUES ('Unit 2', 'Residential', 20, 1, 1, 3, '3024', 'Monthly', 0);
INSERT INTO unit (unit_name, unit_type, property_name, floor_number, bedrooms, bathrooms, trent, trent_period, vacant_status) VALUES ('Unit 3', 'Residential', 20, 1, 1, 1, '2349', 'Monthly', 1);
INSERT INTO unit (unit_name, unit_type, property_name, floor_number, bedrooms, bathrooms, trent, trent_period, vacant_status) VALUES ('Unit 4', 'Residential', 20, 3, 2, 1, '1527', 'Monthly', 1);
INSERT INTO unit (unit_name, unit_type, property_name, floor_number, bedrooms, bathrooms, trent, trent_period, vacant_status) VALUES ('Unit 5', 'Residential', 20, 2, 2, 2, '1025', 'Monthly', 1);
INSERT INTO unit (unit_name, unit_type, property_name, floor_number, bedrooms, bathrooms, trent, trent_period, vacant_status) VALUES ('Unit 6', 'Residential', 20, 4, 1, 3, '938', 'Monthly', 0);
INSERT INTO unit (unit_name, unit_type, property_name, floor_number, bedrooms, bathrooms, trent, trent_period, vacant_status) VALUES ('Unit 7', 'Residential', 20, 2, 3, 3, '3194', 'Monthly', 1);
INSERT INTO unit (unit_name, unit_type, property_name, floor_number, bedrooms, bathrooms, trent, trent_period, vacant_status) VALUES ('Unit 8', 'Residential', 20, 2, 1, 3, '3206', 'Monthly', 0);
INSERT INTO unit (unit_name, unit_type, property_name, floor_number, bedrooms, bathrooms, trent, trent_period, vacant_status) VALUES ('Unit 1', 'Residential', 21, 4, 1, 2, '1754', 'Monthly', 0);
INSERT INTO unit (unit_name, unit_type, property_name, floor_number, bedrooms, bathrooms, trent, trent_period, vacant_status) VALUES ('Unit 2', 'Residential', 21, 4, 1, 1, '1715', 'Monthly', 0);
INSERT INTO unit (unit_name, unit_type, property_name, floor_number, bedrooms, bathrooms, trent, trent_period, vacant_status) VALUES ('Unit 3', 'Residential', 21, 5, 4, 2, '2429', 'Monthly', 0);
INSERT INTO unit (unit_name, unit_type, property_name, floor_number, bedrooms, bathrooms, trent, trent_period, vacant_status) VALUES ('Unit 4', 'Residential', 21, 1, 2, 1, '2468', 'Monthly', 1);
INSERT INTO unit (unit_name, unit_type, property_name, floor_number, bedrooms, bathrooms, trent, trent_period, vacant_status) VALUES ('Unit 5', 'Residential', 21, 3, 3, 2, '1824', 'Monthly', 1);
INSERT INTO unit (unit_name, unit_type, property_name, floor_number, bedrooms, bathrooms, trent, trent_period, vacant_status) VALUES ('Unit 6', 'Residential', 21, 1, 4, 2, '3281', 'Monthly', 0);
INSERT INTO unit (unit_name, unit_type, property_name, floor_number, bedrooms, bathrooms, trent, trent_period, vacant_status) VALUES ('Unit 1', 'Residential', 22, 3, 3, 3, '900', 'Monthly', 0);
INSERT INTO unit (unit_name, unit_type, property_name, floor_number, bedrooms, bathrooms, trent, trent_period, vacant_status) VALUES ('Unit 2', 'Residential', 22, 4, 1, 1, '2881', 'Monthly', 0);
INSERT INTO unit (unit_name, unit_type, property_name, floor_number, bedrooms, bathrooms, trent, trent_period, vacant_status) VALUES ('Unit 3', 'Residential', 22, 4, 1, 1, '1628', 'Monthly', 0);
INSERT INTO unit (unit_name, unit_type, property_name, floor_number, bedrooms, bathrooms, trent, trent_period, vacant_status) VALUES ('Unit 4', 'Residential', 22, 5, 3, 3, '2117', 'Monthly', 0);
INSERT INTO unit (unit_name, unit_type, property_name, floor_number, bedrooms, bathrooms, trent, trent_period, vacant_status) VALUES ('Unit 5', 'Residential', 22, 2, 1, 2, '2975', 'Monthly', 0);
INSERT INTO unit (unit_name, unit_type, property_name, floor_number, bedrooms, bathrooms, trent, trent_period, vacant_status) VALUES ('Unit 6', 'Residential', 22, 5, 2, 1, '3385', 'Monthly', 0);
INSERT INTO unit (unit_name, unit_type, property_name, floor_number, bedrooms, bathrooms, trent, trent_period, vacant_status) VALUES ('Unit 7', 'Residential', 22, 1, 2, 2, '3144', 'Monthly', 0);
INSERT INTO unit (unit_name, unit_type, property_name, floor_number, bedrooms, bathrooms, trent, trent_period, vacant_status) VALUES ('Unit 8', 'Residential', 22, 4, 4, 1, '2374', 'Monthly', 1);
INSERT INTO unit (unit_name, unit_type, property_name, floor_number, bedrooms, bathrooms, trent, trent_period, vacant_status) VALUES ('Unit 1', 'Residential', 23, 3, 2, 3, '1153', 'Monthly', 0);
INSERT INTO unit (unit_name, unit_type, property_name, floor_number, bedrooms, bathrooms, trent, trent_period, vacant_status) VALUES ('Unit 2', 'Residential', 23, 4, 1, 3, '2671', 'Monthly', 1);
INSERT INTO unit (unit_name, unit_type, property_name, floor_number, bedrooms, bathrooms, trent, trent_period, vacant_status) VALUES ('Unit 3', 'Residential', 23, 5, 1, 3, '1073', 'Monthly', 0);
INSERT INTO unit (unit_name, unit_type, property_name, floor_number, bedrooms, bathrooms, trent, trent_period, vacant_status) VALUES ('Unit 4', 'Residential', 23, 3, 4, 3, '1067', 'Monthly', 0);
INSERT INTO unit (unit_name, unit_type, property_name, floor_number, bedrooms, bathrooms, trent, trent_period, vacant_status) VALUES ('Unit 5', 'Residential', 23, 1, 3, 2, '1180', 'Monthly', 1);
INSERT INTO unit (unit_name, unit_type, property_name, floor_number, bedrooms, bathrooms, trent, trent_period, vacant_status) VALUES ('Unit 6', 'Residential', 23, 5, 4, 1, '2434', 'Monthly', 0);
INSERT INTO unit (unit_name, unit_type, property_name, floor_number, bedrooms, bathrooms, trent, trent_period, vacant_status) VALUES ('Unit 1', 'Residential', 24, 2, 2, 3, '1162', 'Monthly', 1);
INSERT INTO unit (unit_name, unit_type, property_name, floor_number, bedrooms, bathrooms, trent, trent_period, vacant_status) VALUES ('Unit 2', 'Residential', 24, 4, 4, 1, '1190', 'Monthly', 1);
INSERT INTO unit (unit_name, unit_type, property_name, floor_number, bedrooms, bathrooms, trent, trent_period, vacant_status) VALUES ('Unit 3', 'Residential', 24, 4, 1, 1, '1335', 'Monthly', 0);
INSERT INTO unit (unit_name, unit_type, property_name, floor_number, bedrooms, bathrooms, trent, trent_period, vacant_status) VALUES ('Unit 4', 'Residential', 24, 5, 1, 3, '2686', 'Monthly', 1);
INSERT INTO unit (unit_name, unit_type, property_name, floor_number, bedrooms, bathrooms, trent, trent_period, vacant_status) VALUES ('Unit 5', 'Residential', 24, 2, 1, 2, '2896', 'Monthly', 1);
INSERT INTO unit (unit_name, unit_type, property_name, floor_number, bedrooms, bathrooms, trent, trent_period, vacant_status) VALUES ('Unit 6', 'Residential', 24, 5, 4, 3, '2264', 'Monthly', 0);
INSERT INTO unit (unit_name, unit_type, property_name, floor_number, bedrooms, bathrooms, trent, trent_period, vacant_status) VALUES ('Unit 7', 'Residential', 24, 3, 4, 3, '2736', 'Monthly', 1);
INSERT INTO unit (unit_name, unit_type, property_name, floor_number, bedrooms, bathrooms, trent, trent_period, vacant_status) VALUES ('Unit 8', 'Residential', 24, 5, 3, 3, '2302', 'Monthly', 1);
INSERT INTO unit (unit_name, unit_type, property_name, floor_number, bedrooms, bathrooms, trent, trent_period, vacant_status) VALUES ('Unit 9', 'Residential', 24, 1, 3, 2, '1208', 'Monthly', 0);
INSERT INTO unit (unit_name, unit_type, property_name, floor_number, bedrooms, bathrooms, trent, trent_period, vacant_status) VALUES ('Unit 10', 'Residential', 24, 4, 4, 2, '2052', 'Monthly', 0);
INSERT INTO unit (unit_name, unit_type, property_name, floor_number, bedrooms, bathrooms, trent, trent_period, vacant_status) VALUES ('Unit 1', 'Residential', 25, 1, 2, 2, '1175', 'Monthly', 0);
INSERT INTO unit (unit_name, unit_type, property_name, floor_number, bedrooms, bathrooms, trent, trent_period, vacant_status) VALUES ('Unit 2', 'Residential', 25, 5, 2, 1, '1483', 'Monthly', 0);
INSERT INTO unit (unit_name, unit_type, property_name, floor_number, bedrooms, bathrooms, trent, trent_period, vacant_status) VALUES ('Unit 3', 'Residential', 25, 5, 1, 2, '3170', 'Monthly', 1);
INSERT INTO unit (unit_name, unit_type, property_name, floor_number, bedrooms, bathrooms, trent, trent_period, vacant_status) VALUES ('Unit 4', 'Residential', 25, 5, 3, 1, '1833', 'Monthly', 0);
INSERT INTO unit (unit_name, unit_type, property_name, floor_number, bedrooms, bathrooms, trent, trent_period, vacant_status) VALUES ('Unit 5', 'Residential', 25, 2, 2, 3, '2358', 'Monthly', 1);
INSERT INTO unit (unit_name, unit_type, property_name, floor_number, bedrooms, bathrooms, trent, trent_period, vacant_status) VALUES ('Unit 6', 'Residential', 25, 1, 4, 2, '2665', 'Monthly', 0);
INSERT INTO unit (unit_name, unit_type, property_name, floor_number, bedrooms, bathrooms, trent, trent_period, vacant_status) VALUES ('Unit 7', 'Residential', 25, 3, 3, 3, '3490', 'Monthly', 1);
INSERT INTO unit (unit_name, unit_type, property_name, floor_number, bedrooms, bathrooms, trent, trent_period, vacant_status) VALUES ('Unit 1', 'Residential', 26, 1, 1, 2, '1141', 'Monthly', 0);
INSERT INTO unit (unit_name, unit_type, property_name, floor_number, bedrooms, bathrooms, trent, trent_period, vacant_status) VALUES ('Unit 2', 'Residential', 26, 3, 1, 2, '3427', 'Monthly', 1);
INSERT INTO unit (unit_name, unit_type, property_name, floor_number, bedrooms, bathrooms, trent, trent_period, vacant_status) VALUES ('Unit 3', 'Residential', 26, 5, 2, 2, '2251', 'Monthly', 1);
INSERT INTO unit (unit_name, unit_type, property_name, floor_number, bedrooms, bathrooms, trent, trent_period, vacant_status) VALUES ('Unit 4', 'Residential', 26, 5, 2, 1, '1250', 'Monthly', 1);
INSERT INTO unit (unit_name, unit_type, property_name, floor_number, bedrooms, bathrooms, trent, trent_period, vacant_status) VALUES ('Unit 5', 'Residential', 26, 5, 2, 3, '2629', 'Monthly', 0);
INSERT INTO unit (unit_name, unit_type, property_name, floor_number, bedrooms, bathrooms, trent, trent_period, vacant_status) VALUES ('Unit 6', 'Residential', 26, 3, 1, 1, '1945', 'Monthly', 0);
INSERT INTO unit (unit_name, unit_type, property_name, floor_number, bedrooms, bathrooms, trent, trent_period, vacant_status) VALUES ('Unit 7', 'Residential', 26, 3, 1, 2, '2773', 'Monthly', 0);
INSERT INTO unit (unit_name, unit_type, property_name, floor_number, bedrooms, bathrooms, trent, trent_period, vacant_status) VALUES ('Unit 8', 'Residential', 26, 5, 3, 1, '3105', 'Monthly', 0);
INSERT INTO unit (unit_name, unit_type, property_name, floor_number, bedrooms, bathrooms, trent, trent_period, vacant_status) VALUES ('Unit 9', 'Residential', 26, 5, 3, 2, '951', 'Monthly', 1);
INSERT INTO unit (unit_name, unit_type, property_name, floor_number, bedrooms, bathrooms, trent, trent_period, vacant_status) VALUES ('Unit 10', 'Residential', 26, 5, 3, 2, '1346', 'Monthly', 0);
INSERT INTO unit (unit_name, unit_type, property_name, floor_number, bedrooms, bathrooms, trent, trent_period, vacant_status) VALUES ('Unit 1', 'Residential', 27, 4, 3, 1, '1427', 'Monthly', 0);
INSERT INTO unit (unit_name, unit_type, property_name, floor_number, bedrooms, bathrooms, trent, trent_period, vacant_status) VALUES ('Unit 2', 'Residential', 27, 5, 4, 2, '2498', 'Monthly', 1);
INSERT INTO unit (unit_name, unit_type, property_name, floor_number, bedrooms, bathrooms, trent, trent_period, vacant_status) VALUES ('Unit 3', 'Residential', 27, 5, 4, 2, '3229', 'Monthly', 0);
INSERT INTO unit (unit_name, unit_type, property_name, floor_number, bedrooms, bathrooms, trent, trent_period, vacant_status) VALUES ('Unit 4', 'Residential', 27, 4, 3, 3, '1497', 'Monthly', 0);
INSERT INTO unit (unit_name, unit_type, property_name, floor_number, bedrooms, bathrooms, trent, trent_period, vacant_status) VALUES ('Unit 1', 'Residential', 28, 3, 3, 2, '3273', 'Monthly', 0);
INSERT INTO unit (unit_name, unit_type, property_name, floor_number, bedrooms, bathrooms, trent, trent_period, vacant_status) VALUES ('Unit 2', 'Residential', 28, 5, 3, 2, '3091', 'Monthly', 1);
INSERT INTO unit (unit_name, unit_type, property_name, floor_number, bedrooms, bathrooms, trent, trent_period, vacant_status) VALUES ('Unit 3', 'Residential', 28, 4, 2, 2, '2945', 'Monthly', 1);
INSERT INTO unit (unit_name, unit_type, property_name, floor_number, bedrooms, bathrooms, trent, trent_period, vacant_status) VALUES ('Unit 4', 'Residential', 28, 4, 4, 1, '1195', 'Monthly', 0);
INSERT INTO unit (unit_name, unit_type, property_name, floor_number, bedrooms, bathrooms, trent, trent_period, vacant_status) VALUES ('Unit 5', 'Residential', 28, 1, 3, 1, '936', 'Monthly', 0);
INSERT INTO unit (unit_name, unit_type, property_name, floor_number, bedrooms, bathrooms, trent, trent_period, vacant_status) VALUES ('Unit 6', 'Residential', 28, 3, 1, 2, '1636', 'Monthly', 0);
INSERT INTO unit (unit_name, unit_type, property_name, floor_number, bedrooms, bathrooms, trent, trent_period, vacant_status) VALUES ('Unit 7', 'Residential', 28, 3, 2, 1, '3205', 'Monthly', 1);
INSERT INTO unit (unit_name, unit_type, property_name, floor_number, bedrooms, bathrooms, trent, trent_period, vacant_status) VALUES ('Unit 1', 'Residential', 29, 3, 1, 2, '3470', 'Monthly', 1);
INSERT INTO unit (unit_name, unit_type, property_name, floor_number, bedrooms, bathrooms, trent, trent_period, vacant_status) VALUES ('Unit 2', 'Residential', 29, 2, 3, 1, '1238', 'Monthly', 0);
INSERT INTO unit (unit_name, unit_type, property_name, floor_number, bedrooms, bathrooms, trent, trent_period, vacant_status) VALUES ('Unit 3', 'Residential', 29, 4, 1, 1, '1547', 'Monthly', 0);
INSERT INTO unit (unit_name, unit_type, property_name, floor_number, bedrooms, bathrooms, trent, trent_period, vacant_status) VALUES ('Unit 4', 'Residential', 29, 4, 2, 3, '3398', 'Monthly', 0);
INSERT INTO unit (unit_name, unit_type, property_name, floor_number, bedrooms, bathrooms, trent, trent_period, vacant_status) VALUES ('Unit 5', 'Residential', 29, 2, 4, 1, '1536', 'Monthly', 0);
INSERT INTO unit (unit_name, unit_type, property_name, floor_number, bedrooms, bathrooms, trent, trent_period, vacant_status) VALUES ('Unit 6', 'Residential', 29, 2, 3, 3, '2645', 'Monthly', 0);
INSERT INTO unit (unit_name, unit_type, property_name, floor_number, bedrooms, bathrooms, trent, trent_period, vacant_status) VALUES ('Unit 1', 'Residential', 30, 2, 1, 1, '3283', 'Monthly', 1);
INSERT INTO unit (unit_name, unit_type, property_name, floor_number, bedrooms, bathrooms, trent, trent_period, vacant_status) VALUES ('Unit 2', 'Residential', 30, 1, 3, 1, '1838', 'Monthly', 0);
INSERT INTO unit (unit_name, unit_type, property_name, floor_number, bedrooms, bathrooms, trent, trent_period, vacant_status) VALUES ('Unit 3', 'Residential', 30, 3, 4, 1, '1139', 'Monthly', 1);
INSERT INTO unit (unit_name, unit_type, property_name, floor_number, bedrooms, bathrooms, trent, trent_period, vacant_status) VALUES ('Unit 4', 'Residential', 30, 4, 2, 1, '1279', 'Monthly', 0);
INSERT INTO unit (unit_name, unit_type, property_name, floor_number, bedrooms, bathrooms, trent, trent_period, vacant_status) VALUES ('Unit 5', 'Residential', 30, 3, 4, 1, '1880', 'Monthly', 0);
INSERT INTO unit (unit_name, unit_type, property_name, floor_number, bedrooms, bathrooms, trent, trent_period, vacant_status) VALUES ('Unit 6', 'Residential', 30, 4, 1, 1, '1633', 'Monthly', 1);
INSERT INTO unit (unit_name, unit_type, property_name, floor_number, bedrooms, bathrooms, trent, trent_period, vacant_status) VALUES ('Unit 1', 'Residential', 31, 5, 3, 2, '2363', 'Monthly', 1);
INSERT INTO unit (unit_name, unit_type, property_name, floor_number, bedrooms, bathrooms, trent, trent_period, vacant_status) VALUES ('Unit 2', 'Residential', 31, 1, 4, 2, '1630', 'Monthly', 0);
INSERT INTO unit (unit_name, unit_type, property_name, floor_number, bedrooms, bathrooms, trent, trent_period, vacant_status) VALUES ('Unit 3', 'Residential', 31, 5, 4, 3, '1431', 'Monthly', 0);
INSERT INTO unit (unit_name, unit_type, property_name, floor_number, bedrooms, bathrooms, trent, trent_period, vacant_status) VALUES ('Unit 4', 'Residential', 31, 2, 3, 3, '2002', 'Monthly', 0);
INSERT INTO unit (unit_name, unit_type, property_name, floor_number, bedrooms, bathrooms, trent, trent_period, vacant_status) VALUES ('Unit 5', 'Residential', 31, 2, 1, 1, '941', 'Monthly', 1);
INSERT INTO unit (unit_name, unit_type, property_name, floor_number, bedrooms, bathrooms, trent, trent_period, vacant_status) VALUES ('Unit 6', 'Residential', 31, 4, 3, 1, '2688', 'Monthly', 0);
INSERT INTO unit (unit_name, unit_type, property_name, floor_number, bedrooms, bathrooms, trent, trent_period, vacant_status) VALUES ('Unit 7', 'Residential', 31, 4, 2, 1, '2350', 'Monthly', 1);
INSERT INTO unit (unit_name, unit_type, property_name, floor_number, bedrooms, bathrooms, trent, trent_period, vacant_status) VALUES ('Unit 8', 'Residential', 31, 5, 3, 2, '2710', 'Monthly', 0);
INSERT INTO unit (unit_name, unit_type, property_name, floor_number, bedrooms, bathrooms, trent, trent_period, vacant_status) VALUES ('Unit 1', 'Residential', 32, 1, 3, 3, '2986', 'Monthly', 0);
INSERT INTO unit (unit_name, unit_type, property_name, floor_number, bedrooms, bathrooms, trent, trent_period, vacant_status) VALUES ('Unit 2', 'Residential', 32, 2, 4, 3, '2614', 'Monthly', 0);
INSERT INTO unit (unit_name, unit_type, property_name, floor_number, bedrooms, bathrooms, trent, trent_period, vacant_status) VALUES ('Unit 3', 'Residential', 32, 3, 2, 2, '1247', 'Monthly', 1);
INSERT INTO unit (unit_name, unit_type, property_name, floor_number, bedrooms, bathrooms, trent, trent_period, vacant_status) VALUES ('Unit 4', 'Residential', 32, 1, 2, 2, '2581', 'Monthly', 1);
INSERT INTO unit (unit_name, unit_type, property_name, floor_number, bedrooms, bathrooms, trent, trent_period, vacant_status) VALUES ('Unit 5', 'Residential', 32, 3, 3, 1, '859', 'Monthly', 1);
INSERT INTO unit (unit_name, unit_type, property_name, floor_number, bedrooms, bathrooms, trent, trent_period, vacant_status) VALUES ('Unit 1', 'Residential', 33, 2, 3, 1, '2094', 'Monthly', 0);
INSERT INTO unit (unit_name, unit_type, property_name, floor_number, bedrooms, bathrooms, trent, trent_period, vacant_status) VALUES ('Unit 2', 'Residential', 33, 5, 3, 3, '2919', 'Monthly', 0);
INSERT INTO unit (unit_name, unit_type, property_name, floor_number, bedrooms, bathrooms, trent, trent_period, vacant_status) VALUES ('Unit 3', 'Residential', 33, 3, 1, 1, '3170', 'Monthly', 1);
INSERT INTO unit (unit_name, unit_type, property_name, floor_number, bedrooms, bathrooms, trent, trent_period, vacant_status) VALUES ('Unit 4', 'Residential', 33, 4, 1, 2, '2639', 'Monthly', 0);
INSERT INTO unit (unit_name, unit_type, property_name, floor_number, bedrooms, bathrooms, trent, trent_period, vacant_status) VALUES ('Unit 5', 'Residential', 33, 4, 2, 3, '2014', 'Monthly', 0);
INSERT INTO unit (unit_name, unit_type, property_name, floor_number, bedrooms, bathrooms, trent, trent_period, vacant_status) VALUES ('Unit 6', 'Residential', 33, 1, 4, 2, '1854', 'Monthly', 1);
INSERT INTO unit (unit_name, unit_type, property_name, floor_number, bedrooms, bathrooms, trent, trent_period, vacant_status) VALUES ('Unit 7', 'Residential', 33, 4, 4, 2, '1784', 'Monthly', 1);
INSERT INTO unit (unit_name, unit_type, property_name, floor_number, bedrooms, bathrooms, trent, trent_period, vacant_status) VALUES ('Unit 8', 'Residential', 33, 3, 2, 2, '2380', 'Monthly', 1);
INSERT INTO unit (unit_name, unit_type, property_name, floor_number, bedrooms, bathrooms, trent, trent_period, vacant_status) VALUES ('Unit 9', 'Residential', 33, 2, 4, 1, '2961', 'Monthly', 1);
INSERT INTO unit (unit_name, unit_type, property_name, floor_number, bedrooms, bathrooms, trent, trent_period, vacant_status) VALUES ('Unit 1', 'Residential', 34, 3, 1, 1, '2044', 'Monthly', 0);
INSERT INTO unit (unit_name, unit_type, property_name, floor_number, bedrooms, bathrooms, trent, trent_period, vacant_status) VALUES ('Unit 2', 'Residential', 34, 3, 4, 3, '2935', 'Monthly', 0);
INSERT INTO unit (unit_name, unit_type, property_name, floor_number, bedrooms, bathrooms, trent, trent_period, vacant_status) VALUES ('Unit 3', 'Residential', 34, 5, 4, 2, '2178', 'Monthly', 0);
INSERT INTO unit (unit_name, unit_type, property_name, floor_number, bedrooms, bathrooms, trent, trent_period, vacant_status) VALUES ('Unit 4', 'Residential', 34, 5, 3, 2, '1207', 'Monthly', 1);
INSERT INTO unit (unit_name, unit_type, property_name, floor_number, bedrooms, bathrooms, trent, trent_period, vacant_status) VALUES ('Unit 1', 'Residential', 35, 4, 2, 3, '954', 'Monthly', 1);
INSERT INTO unit (unit_name, unit_type, property_name, floor_number, bedrooms, bathrooms, trent, trent_period, vacant_status) VALUES ('Unit 2', 'Residential', 35, 2, 3, 1, '1991', 'Monthly', 0);
INSERT INTO unit (unit_name, unit_type, property_name, floor_number, bedrooms, bathrooms, trent, trent_period, vacant_status) VALUES ('Unit 3', 'Residential', 35, 5, 2, 3, '2577', 'Monthly', 0);
INSERT INTO unit (unit_name, unit_type, property_name, floor_number, bedrooms, bathrooms, trent, trent_period, vacant_status) VALUES ('Unit 4', 'Residential', 35, 2, 4, 2, '3137', 'Monthly', 1);
INSERT INTO unit (unit_name, unit_type, property_name, floor_number, bedrooms, bathrooms, trent, trent_period, vacant_status) VALUES ('Unit 5', 'Residential', 35, 5, 2, 3, '2544', 'Monthly', 0);
INSERT INTO unit (unit_name, unit_type, property_name, floor_number, bedrooms, bathrooms, trent, trent_period, vacant_status) VALUES ('Unit 1', 'Residential', 36, 1, 2, 2, '1185', 'Monthly', 1);
INSERT INTO unit (unit_name, unit_type, property_name, floor_number, bedrooms, bathrooms, trent, trent_period, vacant_status) VALUES ('Unit 2', 'Residential', 36, 5, 3, 2, '2147', 'Monthly', 1);
INSERT INTO unit (unit_name, unit_type, property_name, floor_number, bedrooms, bathrooms, trent, trent_period, vacant_status) VALUES ('Unit 3', 'Residential', 36, 1, 3, 1, '1037', 'Monthly', 0);
INSERT INTO unit (unit_name, unit_type, property_name, floor_number, bedrooms, bathrooms, trent, trent_period, vacant_status) VALUES ('Unit 4', 'Residential', 36, 2, 2, 3, '1023', 'Monthly', 0);
INSERT INTO unit (unit_name, unit_type, property_name, floor_number, bedrooms, bathrooms, trent, trent_period, vacant_status) VALUES ('Unit 5', 'Residential', 36, 5, 3, 3, '2602', 'Monthly', 0);
INSERT INTO unit (unit_name, unit_type, property_name, floor_number, bedrooms, bathrooms, trent, trent_period, vacant_status) VALUES ('Unit 6', 'Residential', 36, 4, 1, 3, '3027', 'Monthly', 1);
INSERT INTO unit (unit_name, unit_type, property_name, floor_number, bedrooms, bathrooms, trent, trent_period, vacant_status) VALUES ('Unit 1', 'Residential', 37, 1, 4, 2, '1572', 'Monthly', 0);
INSERT INTO unit (unit_name, unit_type, property_name, floor_number, bedrooms, bathrooms, trent, trent_period, vacant_status) VALUES ('Unit 2', 'Residential', 37, 1, 2, 2, '1522', 'Monthly', 1);
INSERT INTO unit (unit_name, unit_type, property_name, floor_number, bedrooms, bathrooms, trent, trent_period, vacant_status) VALUES ('Unit 3', 'Residential', 37, 1, 1, 2, '2592', 'Monthly', 0);
INSERT INTO unit (unit_name, unit_type, property_name, floor_number, bedrooms, bathrooms, trent, trent_period, vacant_status) VALUES ('Unit 4', 'Residential', 37, 5, 1, 3, '2869', 'Monthly', 0);
INSERT INTO unit (unit_name, unit_type, property_name, floor_number, bedrooms, bathrooms, trent, trent_period, vacant_status) VALUES ('Unit 1', 'Residential', 38, 5, 2, 3, '2722', 'Monthly', 1);
INSERT INTO unit (unit_name, unit_type, property_name, floor_number, bedrooms, bathrooms, trent, trent_period, vacant_status) VALUES ('Unit 2', 'Residential', 38, 1, 1, 1, '2465', 'Monthly', 1);
INSERT INTO unit (unit_name, unit_type, property_name, floor_number, bedrooms, bathrooms, trent, trent_period, vacant_status) VALUES ('Unit 3', 'Residential', 38, 2, 3, 2, '2385', 'Monthly', 0);
INSERT INTO unit (unit_name, unit_type, property_name, floor_number, bedrooms, bathrooms, trent, trent_period, vacant_status) VALUES ('Unit 4', 'Residential', 38, 3, 2, 1, '1391', 'Monthly', 0);
INSERT INTO unit (unit_name, unit_type, property_name, floor_number, bedrooms, bathrooms, trent, trent_period, vacant_status) VALUES ('Unit 5', 'Residential', 38, 2, 4, 2, '1233', 'Monthly', 1);
INSERT INTO unit (unit_name, unit_type, property_name, floor_number, bedrooms, bathrooms, trent, trent_period, vacant_status) VALUES ('Unit 6', 'Residential', 38, 5, 4, 2, '3288', 'Monthly', 1);
INSERT INTO unit (unit_name, unit_type, property_name, floor_number, bedrooms, bathrooms, trent, trent_period, vacant_status) VALUES ('Unit 7', 'Residential', 38, 4, 1, 2, '2796', 'Monthly', 0);
INSERT INTO unit (unit_name, unit_type, property_name, floor_number, bedrooms, bathrooms, trent, trent_period, vacant_status) VALUES ('Unit 1', 'Residential', 39, 5, 4, 2, '888', 'Monthly', 0);
INSERT INTO unit (unit_name, unit_type, property_name, floor_number, bedrooms, bathrooms, trent, trent_period, vacant_status) VALUES ('Unit 2', 'Residential', 39, 5, 3, 3, '3077', 'Monthly', 1);
INSERT INTO unit (unit_name, unit_type, property_name, floor_number, bedrooms, bathrooms, trent, trent_period, vacant_status) VALUES ('Unit 3', 'Residential', 39, 3, 1, 3, '1427', 'Monthly', 1);
INSERT INTO unit (unit_name, unit_type, property_name, floor_number, bedrooms, bathrooms, trent, trent_period, vacant_status) VALUES ('Unit 4', 'Residential', 39, 3, 1, 1, '2496', 'Monthly', 0);
INSERT INTO unit (unit_name, unit_type, property_name, floor_number, bedrooms, bathrooms, trent, trent_period, vacant_status) VALUES ('Unit 5', 'Residential', 39, 5, 4, 2, '3234', 'Monthly', 1);
INSERT INTO unit (unit_name, unit_type, property_name, floor_number, bedrooms, bathrooms, trent, trent_period, vacant_status) VALUES ('Unit 6', 'Residential', 39, 3, 4, 3, '2245', 'Monthly', 1);
INSERT INTO unit (unit_name, unit_type, property_name, floor_number, bedrooms, bathrooms, trent, trent_period, vacant_status) VALUES ('Unit 1', 'Residential', 40, 2, 2, 2, '2105', 'Monthly', 0);
INSERT INTO unit (unit_name, unit_type, property_name, floor_number, bedrooms, bathrooms, trent, trent_period, vacant_status) VALUES ('Unit 2', 'Residential', 40, 2, 1, 3, '1254', 'Monthly', 1);
INSERT INTO unit (unit_name, unit_type, property_name, floor_number, bedrooms, bathrooms, trent, trent_period, vacant_status) VALUES ('Unit 3', 'Residential', 40, 4, 1, 2, '1726', 'Monthly', 1);
INSERT INTO unit (unit_name, unit_type, property_name, floor_number, bedrooms, bathrooms, trent, trent_period, vacant_status) VALUES ('Unit 4', 'Residential', 40, 3, 2, 1, '2762', 'Monthly', 1);
INSERT INTO unit (unit_name, unit_type, property_name, floor_number, bedrooms, bathrooms, trent, trent_period, vacant_status) VALUES ('Unit 5', 'Residential', 40, 1, 2, 2, '3349', 'Monthly', 1);
INSERT INTO unit (unit_name, unit_type, property_name, floor_number, bedrooms, bathrooms, trent, trent_period, vacant_status) VALUES ('Unit 1', 'Residential', 41, 2, 1, 2, '2783', 'Monthly', 0);
INSERT INTO unit (unit_name, unit_type, property_name, floor_number, bedrooms, bathrooms, trent, trent_period, vacant_status) VALUES ('Unit 2', 'Residential', 41, 1, 2, 3, '2745', 'Monthly', 1);
INSERT INTO unit (unit_name, unit_type, property_name, floor_number, bedrooms, bathrooms, trent, trent_period, vacant_status) VALUES ('Unit 3', 'Residential', 41, 1, 4, 2, '866', 'Monthly', 1);
INSERT INTO unit (unit_name, unit_type, property_name, floor_number, bedrooms, bathrooms, trent, trent_period, vacant_status) VALUES ('Unit 4', 'Residential', 41, 3, 2, 2, '2293', 'Monthly', 1);
INSERT INTO unit (unit_name, unit_type, property_name, floor_number, bedrooms, bathrooms, trent, trent_period, vacant_status) VALUES ('Unit 5', 'Residential', 41, 4, 1, 2, '2961', 'Monthly', 1);
INSERT INTO unit (unit_name, unit_type, property_name, floor_number, bedrooms, bathrooms, trent, trent_period, vacant_status) VALUES ('Unit 6', 'Residential', 41, 1, 4, 3, '3349', 'Monthly', 0);
INSERT INTO unit (unit_name, unit_type, property_name, floor_number, bedrooms, bathrooms, trent, trent_period, vacant_status) VALUES ('Unit 1', 'Residential', 42, 1, 4, 2, '837', 'Monthly', 1);
INSERT INTO unit (unit_name, unit_type, property_name, floor_number, bedrooms, bathrooms, trent, trent_period, vacant_status) VALUES ('Unit 2', 'Residential', 42, 2, 1, 1, '2726', 'Monthly', 0);
INSERT INTO unit (unit_name, unit_type, property_name, floor_number, bedrooms, bathrooms, trent, trent_period, vacant_status) VALUES ('Unit 3', 'Residential', 42, 5, 2, 1, '2363', 'Monthly', 1);
INSERT INTO unit (unit_name, unit_type, property_name, floor_number, bedrooms, bathrooms, trent, trent_period, vacant_status) VALUES ('Unit 4', 'Residential', 42, 3, 3, 1, '2532', 'Monthly', 0);
INSERT INTO unit (unit_name, unit_type, property_name, floor_number, bedrooms, bathrooms, trent, trent_period, vacant_status) VALUES ('Unit 5', 'Residential', 42, 5, 1, 1, '861', 'Monthly', 0);
INSERT INTO unit (unit_name, unit_type, property_name, floor_number, bedrooms, bathrooms, trent, trent_period, vacant_status) VALUES ('Unit 6', 'Residential', 42, 2, 3, 3, '1550', 'Monthly', 1);
INSERT INTO unit (unit_name, unit_type, property_name, floor_number, bedrooms, bathrooms, trent, trent_period, vacant_status) VALUES ('Unit 7', 'Residential', 42, 3, 3, 2, '1865', 'Monthly', 0);
INSERT INTO unit (unit_name, unit_type, property_name, floor_number, bedrooms, bathrooms, trent, trent_period, vacant_status) VALUES ('Unit 1', 'Residential', 43, 2, 3, 1, '1469', 'Monthly', 0);
INSERT INTO unit (unit_name, unit_type, property_name, floor_number, bedrooms, bathrooms, trent, trent_period, vacant_status) VALUES ('Unit 2', 'Residential', 43, 2, 4, 3, '1253', 'Monthly', 0);
INSERT INTO unit (unit_name, unit_type, property_name, floor_number, bedrooms, bathrooms, trent, trent_period, vacant_status) VALUES ('Unit 3', 'Residential', 43, 3, 1, 1, '2680', 'Monthly', 1);
INSERT INTO unit (unit_name, unit_type, property_name, floor_number, bedrooms, bathrooms, trent, trent_period, vacant_status) VALUES ('Unit 4', 'Residential', 43, 5, 4, 2, '2424', 'Monthly', 0);
INSERT INTO unit (unit_name, unit_type, property_name, floor_number, bedrooms, bathrooms, trent, trent_period, vacant_status) VALUES ('Unit 5', 'Residential', 43, 3, 4, 3, '1144', 'Monthly', 0);
INSERT INTO unit (unit_name, unit_type, property_name, floor_number, bedrooms, bathrooms, trent, trent_period, vacant_status) VALUES ('Unit 6', 'Residential', 43, 1, 1, 1, '1163', 'Monthly', 1);
INSERT INTO unit (unit_name, unit_type, property_name, floor_number, bedrooms, bathrooms, trent, trent_period, vacant_status) VALUES ('Unit 7', 'Residential', 43, 2, 4, 3, '1974', 'Monthly', 1);
INSERT INTO unit (unit_name, unit_type, property_name, floor_number, bedrooms, bathrooms, trent, trent_period, vacant_status) VALUES ('Unit 8', 'Residential', 43, 5, 1, 1, '2277', 'Monthly', 0);
INSERT INTO unit (unit_name, unit_type, property_name, floor_number, bedrooms, bathrooms, trent, trent_period, vacant_status) VALUES ('Unit 1', 'Residential', 44, 4, 2, 1, '2538', 'Monthly', 1);
INSERT INTO unit (unit_name, unit_type, property_name, floor_number, bedrooms, bathrooms, trent, trent_period, vacant_status) VALUES ('Unit 2', 'Residential', 44, 3, 1, 1, '2508', 'Monthly', 1);
INSERT INTO unit (unit_name, unit_type, property_name, floor_number, bedrooms, bathrooms, trent, trent_period, vacant_status) VALUES ('Unit 3', 'Residential', 44, 4, 2, 3, '878', 'Monthly', 0);
INSERT INTO unit (unit_name, unit_type, property_name, floor_number, bedrooms, bathrooms, trent, trent_period, vacant_status) VALUES ('Unit 4', 'Residential', 44, 1, 3, 2, '1430', 'Monthly', 0);
INSERT INTO unit (unit_name, unit_type, property_name, floor_number, bedrooms, bathrooms, trent, trent_period, vacant_status) VALUES ('Unit 5', 'Residential', 44, 4, 4, 1, '908', 'Monthly', 0);
INSERT INTO unit (unit_name, unit_type, property_name, floor_number, bedrooms, bathrooms, trent, trent_period, vacant_status) VALUES ('Unit 6', 'Residential', 44, 4, 2, 2, '2995', 'Monthly', 0);
INSERT INTO unit (unit_name, unit_type, property_name, floor_number, bedrooms, bathrooms, trent, trent_period, vacant_status) VALUES ('Unit 7', 'Residential', 44, 2, 2, 3, '1257', 'Monthly', 0);
INSERT INTO unit (unit_name, unit_type, property_name, floor_number, bedrooms, bathrooms, trent, trent_period, vacant_status) VALUES ('Unit 8', 'Residential', 44, 1, 1, 3, '1726', 'Monthly', 1);
INSERT INTO unit (unit_name, unit_type, property_name, floor_number, bedrooms, bathrooms, trent, trent_period, vacant_status) VALUES ('Unit 1', 'Residential', 45, 4, 2, 2, '1326', 'Monthly', 1);
INSERT INTO unit (unit_name, unit_type, property_name, floor_number, bedrooms, bathrooms, trent, trent_period, vacant_status) VALUES ('Unit 2', 'Residential', 45, 2, 4, 1, '2140', 'Monthly', 0);
INSERT INTO unit (unit_name, unit_type, property_name, floor_number, bedrooms, bathrooms, trent, trent_period, vacant_status) VALUES ('Unit 3', 'Residential', 45, 4, 2, 1, '3417', 'Monthly', 0);
INSERT INTO unit (unit_name, unit_type, property_name, floor_number, bedrooms, bathrooms, trent, trent_period, vacant_status) VALUES ('Unit 4', 'Residential', 45, 2, 3, 1, '1446', 'Monthly', 1);
INSERT INTO unit (unit_name, unit_type, property_name, floor_number, bedrooms, bathrooms, trent, trent_period, vacant_status) VALUES ('Unit 5', 'Residential', 45, 3, 1, 2, '2509', 'Monthly', 0);
INSERT INTO unit (unit_name, unit_type, property_name, floor_number, bedrooms, bathrooms, trent, trent_period, vacant_status) VALUES ('Unit 6', 'Residential', 45, 1, 4, 2, '3235', 'Monthly', 0);
INSERT INTO unit (unit_name, unit_type, property_name, floor_number, bedrooms, bathrooms, trent, trent_period, vacant_status) VALUES ('Unit 7', 'Residential', 45, 3, 4, 2, '2799', 'Monthly', 1);
INSERT INTO unit (unit_name, unit_type, property_name, floor_number, bedrooms, bathrooms, trent, trent_period, vacant_status) VALUES ('Unit 8', 'Residential', 45, 1, 4, 2, '1207', 'Monthly', 1);
INSERT INTO unit (unit_name, unit_type, property_name, floor_number, bedrooms, bathrooms, trent, trent_period, vacant_status) VALUES ('Unit 9', 'Residential', 45, 5, 1, 1, '2065', 'Monthly', 1);
INSERT INTO unit (unit_name, unit_type, property_name, floor_number, bedrooms, bathrooms, trent, trent_period, vacant_status) VALUES ('Unit 1', 'Residential', 46, 3, 3, 1, '3216', 'Monthly', 1);
INSERT INTO unit (unit_name, unit_type, property_name, floor_number, bedrooms, bathrooms, trent, trent_period, vacant_status) VALUES ('Unit 2', 'Residential', 46, 2, 2, 3, '885', 'Monthly', 1);
INSERT INTO unit (unit_name, unit_type, property_name, floor_number, bedrooms, bathrooms, trent, trent_period, vacant_status) VALUES ('Unit 3', 'Residential', 46, 3, 1, 3, '2196', 'Monthly', 0);
INSERT INTO unit (unit_name, unit_type, property_name, floor_number, bedrooms, bathrooms, trent, trent_period, vacant_status) VALUES ('Unit 4', 'Residential', 46, 5, 4, 1, '1175', 'Monthly', 0);
INSERT INTO unit (unit_name, unit_type, property_name, floor_number, bedrooms, bathrooms, trent, trent_period, vacant_status) VALUES ('Unit 1', 'Residential', 47, 1, 2, 2, '1843', 'Monthly', 0);
INSERT INTO unit (unit_name, unit_type, property_name, floor_number, bedrooms, bathrooms, trent, trent_period, vacant_status) VALUES ('Unit 2', 'Residential', 47, 5, 3, 1, '3416', 'Monthly', 1);
INSERT INTO unit (unit_name, unit_type, property_name, floor_number, bedrooms, bathrooms, trent, trent_period, vacant_status) VALUES ('Unit 3', 'Residential', 47, 3, 1, 3, '3264', 'Monthly', 1);
INSERT INTO unit (unit_name, unit_type, property_name, floor_number, bedrooms, bathrooms, trent, trent_period, vacant_status) VALUES ('Unit 4', 'Residential', 47, 4, 3, 2, '2505', 'Monthly', 0);
INSERT INTO unit (unit_name, unit_type, property_name, floor_number, bedrooms, bathrooms, trent, trent_period, vacant_status) VALUES ('Unit 5', 'Residential', 47, 4, 1, 1, '2303', 'Monthly', 0);
INSERT INTO unit (unit_name, unit_type, property_name, floor_number, bedrooms, bathrooms, trent, trent_period, vacant_status) VALUES ('Unit 1', 'Residential', 48, 4, 2, 1, '1234', 'Monthly', 0);
INSERT INTO unit (unit_name, unit_type, property_name, floor_number, bedrooms, bathrooms, trent, trent_period, vacant_status) VALUES ('Unit 2', 'Residential', 48, 4, 1, 2, '2013', 'Monthly', 0);
INSERT INTO unit (unit_name, unit_type, property_name, floor_number, bedrooms, bathrooms, trent, trent_period, vacant_status) VALUES ('Unit 3', 'Residential', 48, 2, 4, 2, '1172', 'Monthly', 0);
INSERT INTO unit (unit_name, unit_type, property_name, floor_number, bedrooms, bathrooms, trent, trent_period, vacant_status) VALUES ('Unit 4', 'Residential', 48, 5, 4, 3, '941', 'Monthly', 0);
INSERT INTO unit (unit_name, unit_type, property_name, floor_number, bedrooms, bathrooms, trent, trent_period, vacant_status) VALUES ('Unit 5', 'Residential', 48, 3, 1, 1, '2928', 'Monthly', 1);
INSERT INTO unit (unit_name, unit_type, property_name, floor_number, bedrooms, bathrooms, trent, trent_period, vacant_status) VALUES ('Unit 1', 'Residential', 49, 3, 2, 3, '2177', 'Monthly', 0);
INSERT INTO unit (unit_name, unit_type, property_name, floor_number, bedrooms, bathrooms, trent, trent_period, vacant_status) VALUES ('Unit 2', 'Residential', 49, 5, 2, 2, '1512', 'Monthly', 1);
INSERT INTO unit (unit_name, unit_type, property_name, floor_number, bedrooms, bathrooms, trent, trent_period, vacant_status) VALUES ('Unit 3', 'Residential', 49, 2, 1, 2, '3146', 'Monthly', 1);
INSERT INTO unit (unit_name, unit_type, property_name, floor_number, bedrooms, bathrooms, trent, trent_period, vacant_status) VALUES ('Unit 4', 'Residential', 49, 5, 2, 2, '3243', 'Monthly', 0);
INSERT INTO unit (unit_name, unit_type, property_name, floor_number, bedrooms, bathrooms, trent, trent_period, vacant_status) VALUES ('Unit 1', 'Residential', 50, 1, 1, 2, '2734', 'Monthly', 0);
INSERT INTO unit (unit_name, unit_type, property_name, floor_number, bedrooms, bathrooms, trent, trent_period, vacant_status) VALUES ('Unit 2', 'Residential', 50, 3, 1, 3, '949', 'Monthly', 1);
INSERT INTO unit (unit_name, unit_type, property_name, floor_number, bedrooms, bathrooms, trent, trent_period, vacant_status) VALUES ('Unit 3', 'Residential', 50, 2, 1, 2, '2894', 'Monthly', 1);
INSERT INTO unit (unit_name, unit_type, property_name, floor_number, bedrooms, bathrooms, trent, trent_period, vacant_status) VALUES ('Unit 4', 'Residential', 50, 3, 3, 2, '2094', 'Monthly', 0);
INSERT INTO unit (unit_name, unit_type, property_name, floor_number, bedrooms, bathrooms, trent, trent_period, vacant_status) VALUES ('Unit 5', 'Residential', 50, 4, 3, 3, '3032', 'Monthly', 1);
INSERT INTO p_appinfo (property_name, movein_date, no_of_bedroom, full_name, phone_number, email, rent_status, application_date) VALUES (10, '2026-06-01', 3, 'Michael Thomas', '555-792-5817', 'applicant1@example.com', 1, '2026-05-01');
INSERT INTO p_appinfo (property_name, movein_date, no_of_bedroom, full_name, phone_number, email, rent_status, application_date) VALUES (34, '2026-06-01', 1, 'Barbara Anderson', '555-284-9561', 'applicant2@example.com', 1, '2026-05-01');
INSERT INTO p_appinfo (property_name, movein_date, no_of_bedroom, full_name, phone_number, email, rent_status, application_date) VALUES (3, '2026-06-01', 1, 'Elizabeth Jones', '555-845-1500', 'applicant3@example.com', 2, '2026-05-01');
INSERT INTO p_appinfo (property_name, movein_date, no_of_bedroom, full_name, phone_number, email, rent_status, application_date) VALUES (4, '2026-06-01', 1, 'Linda Martinez', '555-624-8245', 'applicant4@example.com', 2, '2026-05-01');
INSERT INTO p_appinfo (property_name, movein_date, no_of_bedroom, full_name, phone_number, email, rent_status, application_date) VALUES (2, '2026-06-01', 1, 'Sarah Martin', '555-327-2719', 'applicant5@example.com', 1, '2026-05-01');
INSERT INTO p_appinfo (property_name, movein_date, no_of_bedroom, full_name, phone_number, email, rent_status, application_date) VALUES (16, '2026-06-01', 1, 'David Martinez', '555-475-7654', 'applicant6@example.com', 1, '2026-05-01');
INSERT INTO p_appinfo (property_name, movein_date, no_of_bedroom, full_name, phone_number, email, rent_status, application_date) VALUES (23, '2026-06-01', 1, 'Richard Martin', '555-627-9366', 'applicant7@example.com', 0, '2026-05-01');
INSERT INTO p_appinfo (property_name, movein_date, no_of_bedroom, full_name, phone_number, email, rent_status, application_date) VALUES (15, '2026-06-01', 2, 'Sarah Gonzalez', '555-135-5644', 'applicant8@example.com', 0, '2026-05-01');
INSERT INTO p_appinfo (property_name, movein_date, no_of_bedroom, full_name, phone_number, email, rent_status, application_date) VALUES (36, '2026-06-01', 2, 'Susan Thomas', '555-908-6074', 'applicant9@example.com', 2, '2026-05-01');
INSERT INTO p_appinfo (property_name, movein_date, no_of_bedroom, full_name, phone_number, email, rent_status, application_date) VALUES (7, '2026-06-01', 2, 'James Davis', '555-682-9715', 'applicant10@example.com', 2, '2026-05-01');
INSERT INTO p_appinfo (property_name, movein_date, no_of_bedroom, full_name, phone_number, email, rent_status, application_date) VALUES (5, '2026-06-01', 3, 'Jennifer Lopez', '555-747-2811', 'applicant11@example.com', 0, '2026-05-01');
INSERT INTO p_appinfo (property_name, movein_date, no_of_bedroom, full_name, phone_number, email, rent_status, application_date) VALUES (46, '2026-06-01', 3, 'Jessica Smith', '555-212-8444', 'applicant12@example.com', 2, '2026-05-01');
INSERT INTO p_appinfo (property_name, movein_date, no_of_bedroom, full_name, phone_number, email, rent_status, application_date) VALUES (44, '2026-06-01', 1, 'Robert Johnson', '555-312-4428', 'applicant13@example.com', 1, '2026-05-01');
INSERT INTO p_appinfo (property_name, movein_date, no_of_bedroom, full_name, phone_number, email, rent_status, application_date) VALUES (16, '2026-06-01', 1, 'Elizabeth Rodriguez', '555-679-2455', 'applicant14@example.com', 2, '2026-05-01');
INSERT INTO p_appinfo (property_name, movein_date, no_of_bedroom, full_name, phone_number, email, rent_status, application_date) VALUES (25, '2026-06-01', 1, 'Barbara Anderson', '555-119-4072', 'applicant15@example.com', 2, '2026-05-01');
INSERT INTO p_appinfo (property_name, movein_date, no_of_bedroom, full_name, phone_number, email, rent_status, application_date) VALUES (32, '2026-06-01', 1, 'Jessica Garcia', '555-104-8193', 'applicant16@example.com', 0, '2026-05-01');
INSERT INTO p_appinfo (property_name, movein_date, no_of_bedroom, full_name, phone_number, email, rent_status, application_date) VALUES (33, '2026-06-01', 2, 'James Hernandez', '555-837-7393', 'applicant17@example.com', 1, '2026-05-01');
INSERT INTO p_appinfo (property_name, movein_date, no_of_bedroom, full_name, phone_number, email, rent_status, application_date) VALUES (26, '2026-06-01', 2, 'Jennifer Moore', '555-248-2225', 'applicant18@example.com', 0, '2026-05-01');
INSERT INTO p_appinfo (property_name, movein_date, no_of_bedroom, full_name, phone_number, email, rent_status, application_date) VALUES (3, '2026-06-01', 2, 'Joseph Wilson', '555-926-9895', 'applicant19@example.com', 0, '2026-05-01');
INSERT INTO p_appinfo (property_name, movein_date, no_of_bedroom, full_name, phone_number, email, rent_status, application_date) VALUES (44, '2026-06-01', 3, 'Mary Anderson', '555-985-6419', 'applicant20@example.com', 1, '2026-05-01');
INSERT INTO p_appinfo (property_name, movein_date, no_of_bedroom, full_name, phone_number, email, rent_status, application_date) VALUES (6, '2026-06-01', 2, 'Robert Anderson', '555-831-1996', 'applicant21@example.com', 1, '2026-05-01');
INSERT INTO p_appinfo (property_name, movein_date, no_of_bedroom, full_name, phone_number, email, rent_status, application_date) VALUES (7, '2026-06-01', 1, 'David Davis', '555-153-8564', 'applicant22@example.com', 1, '2026-05-01');
INSERT INTO p_appinfo (property_name, movein_date, no_of_bedroom, full_name, phone_number, email, rent_status, application_date) VALUES (49, '2026-06-01', 1, 'Sarah Thomas', '555-577-6750', 'applicant23@example.com', 1, '2026-05-01');
INSERT INTO p_appinfo (property_name, movein_date, no_of_bedroom, full_name, phone_number, email, rent_status, application_date) VALUES (25, '2026-06-01', 1, 'Patricia Rodriguez', '555-998-6947', 'applicant24@example.com', 2, '2026-05-01');
INSERT INTO p_appinfo (property_name, movein_date, no_of_bedroom, full_name, phone_number, email, rent_status, application_date) VALUES (45, '2026-06-01', 3, 'Patricia Davis', '555-742-7415', 'applicant25@example.com', 2, '2026-05-01');
INSERT INTO p_appinfo (property_name, movein_date, no_of_bedroom, full_name, phone_number, email, rent_status, application_date) VALUES (49, '2026-06-01', 1, 'Joseph Anderson', '555-567-1721', 'applicant26@example.com', 0, '2026-05-01');
INSERT INTO p_appinfo (property_name, movein_date, no_of_bedroom, full_name, phone_number, email, rent_status, application_date) VALUES (28, '2026-06-01', 1, 'Thomas Thomas', '555-275-4515', 'applicant27@example.com', 0, '2026-05-01');
INSERT INTO p_appinfo (property_name, movein_date, no_of_bedroom, full_name, phone_number, email, rent_status, application_date) VALUES (36, '2026-06-01', 3, 'William Martinez', '555-454-1161', 'applicant28@example.com', 0, '2026-05-01');
INSERT INTO p_appinfo (property_name, movein_date, no_of_bedroom, full_name, phone_number, email, rent_status, application_date) VALUES (3, '2026-06-01', 2, 'Mary Jackson', '555-331-9575', 'applicant29@example.com', 0, '2026-05-01');
INSERT INTO p_appinfo (property_name, movein_date, no_of_bedroom, full_name, phone_number, email, rent_status, application_date) VALUES (43, '2026-06-01', 1, 'Thomas Miller', '555-886-2774', 'applicant30@example.com', 1, '2026-05-01');
INSERT INTO p_appinfo (property_name, movein_date, no_of_bedroom, full_name, phone_number, email, rent_status, application_date) VALUES (27, '2026-06-01', 3, 'Mary Davis', '555-584-3661', 'applicant31@example.com', 2, '2026-05-01');
INSERT INTO p_appinfo (property_name, movein_date, no_of_bedroom, full_name, phone_number, email, rent_status, application_date) VALUES (25, '2026-06-01', 3, 'Michael Thomas', '555-101-2734', 'applicant32@example.com', 0, '2026-05-01');
INSERT INTO p_appinfo (property_name, movein_date, no_of_bedroom, full_name, phone_number, email, rent_status, application_date) VALUES (28, '2026-06-01', 1, 'Elizabeth Smith', '555-296-8702', 'applicant33@example.com', 2, '2026-05-01');
INSERT INTO p_appinfo (property_name, movein_date, no_of_bedroom, full_name, phone_number, email, rent_status, application_date) VALUES (50, '2026-06-01', 2, 'Joseph Miller', '555-186-7635', 'applicant34@example.com', 2, '2026-05-01');
INSERT INTO p_appinfo (property_name, movein_date, no_of_bedroom, full_name, phone_number, email, rent_status, application_date) VALUES (8, '2026-06-01', 3, 'Barbara Martinez', '555-681-9507', 'applicant35@example.com', 0, '2026-05-01');
INSERT INTO p_appinfo (property_name, movein_date, no_of_bedroom, full_name, phone_number, email, rent_status, application_date) VALUES (23, '2026-06-01', 1, 'David Williams', '555-279-9210', 'applicant36@example.com', 1, '2026-05-01');
INSERT INTO p_appinfo (property_name, movein_date, no_of_bedroom, full_name, phone_number, email, rent_status, application_date) VALUES (18, '2026-06-01', 2, 'Joseph Moore', '555-424-1965', 'applicant37@example.com', 2, '2026-05-01');
INSERT INTO p_appinfo (property_name, movein_date, no_of_bedroom, full_name, phone_number, email, rent_status, application_date) VALUES (5, '2026-06-01', 1, 'Jennifer Jones', '555-252-5538', 'applicant38@example.com', 1, '2026-05-01');
INSERT INTO p_appinfo (property_name, movein_date, no_of_bedroom, full_name, phone_number, email, rent_status, application_date) VALUES (29, '2026-06-01', 2, 'Sarah Johnson', '555-169-9060', 'applicant39@example.com', 0, '2026-05-01');
INSERT INTO p_appinfo (property_name, movein_date, no_of_bedroom, full_name, phone_number, email, rent_status, application_date) VALUES (34, '2026-06-01', 1, 'William Williams', '555-871-4142', 'applicant40@example.com', 0, '2026-05-01');
INSERT INTO p_appinfo (property_name, movein_date, no_of_bedroom, full_name, phone_number, email, rent_status, application_date) VALUES (12, '2026-06-01', 1, 'Karen Gonzalez', '555-911-9179', 'applicant41@example.com', 0, '2026-05-01');
INSERT INTO p_appinfo (property_name, movein_date, no_of_bedroom, full_name, phone_number, email, rent_status, application_date) VALUES (1, '2026-06-01', 3, 'Patricia Smith', '555-747-5410', 'applicant42@example.com', 1, '2026-05-01');
INSERT INTO p_appinfo (property_name, movein_date, no_of_bedroom, full_name, phone_number, email, rent_status, application_date) VALUES (15, '2026-06-01', 2, 'John Smith', '555-882-5204', 'applicant43@example.com', 1, '2026-05-01');
INSERT INTO p_appinfo (property_name, movein_date, no_of_bedroom, full_name, phone_number, email, rent_status, application_date) VALUES (48, '2026-06-01', 2, 'David Taylor', '555-478-6644', 'applicant44@example.com', 1, '2026-05-01');
INSERT INTO p_appinfo (property_name, movein_date, no_of_bedroom, full_name, phone_number, email, rent_status, application_date) VALUES (32, '2026-06-01', 1, 'Jessica Thomas', '555-373-3328', 'applicant45@example.com', 1, '2026-05-01');
INSERT INTO p_appinfo (property_name, movein_date, no_of_bedroom, full_name, phone_number, email, rent_status, application_date) VALUES (45, '2026-06-01', 3, 'Jessica Martinez', '555-691-5746', 'applicant46@example.com', 0, '2026-05-01');
INSERT INTO p_appinfo (property_name, movein_date, no_of_bedroom, full_name, phone_number, email, rent_status, application_date) VALUES (3, '2026-06-01', 3, 'William Miller', '555-653-4027', 'applicant47@example.com', 1, '2026-05-01');
INSERT INTO p_appinfo (property_name, movein_date, no_of_bedroom, full_name, phone_number, email, rent_status, application_date) VALUES (25, '2026-06-01', 1, 'John Williams', '555-994-7829', 'applicant48@example.com', 2, '2026-05-01');
INSERT INTO p_appinfo (property_name, movein_date, no_of_bedroom, full_name, phone_number, email, rent_status, application_date) VALUES (5, '2026-06-01', 1, 'Barbara Martinez', '555-851-7999', 'applicant49@example.com', 0, '2026-05-01');
INSERT INTO p_appinfo (property_name, movein_date, no_of_bedroom, full_name, phone_number, email, rent_status, application_date) VALUES (43, '2026-06-01', 2, 'Michael Hernandez', '555-524-3084', 'applicant50@example.com', 2, '2026-05-01');
INSERT INTO p_appinfo (property_name, movein_date, no_of_bedroom, full_name, phone_number, email, rent_status, application_date) VALUES (32, '2026-06-01', 3, 'Sarah Johnson', '555-469-8414', 'applicant51@example.com', 1, '2026-05-01');
INSERT INTO p_appinfo (property_name, movein_date, no_of_bedroom, full_name, phone_number, email, rent_status, application_date) VALUES (4, '2026-06-01', 2, 'Jessica Davis', '555-376-3098', 'applicant52@example.com', 0, '2026-05-01');
INSERT INTO p_appinfo (property_name, movein_date, no_of_bedroom, full_name, phone_number, email, rent_status, application_date) VALUES (48, '2026-06-01', 2, 'David Martinez', '555-872-2636', 'applicant53@example.com', 0, '2026-05-01');
INSERT INTO p_appinfo (property_name, movein_date, no_of_bedroom, full_name, phone_number, email, rent_status, application_date) VALUES (36, '2026-06-01', 2, 'Charles Jackson', '555-277-9017', 'applicant54@example.com', 2, '2026-05-01');
INSERT INTO p_appinfo (property_name, movein_date, no_of_bedroom, full_name, phone_number, email, rent_status, application_date) VALUES (47, '2026-06-01', 3, 'Susan Martinez', '555-469-5692', 'applicant55@example.com', 1, '2026-05-01');
INSERT INTO p_appinfo (property_name, movein_date, no_of_bedroom, full_name, phone_number, email, rent_status, application_date) VALUES (11, '2026-06-01', 3, 'David Martinez', '555-237-7662', 'applicant56@example.com', 2, '2026-05-01');
INSERT INTO p_appinfo (property_name, movein_date, no_of_bedroom, full_name, phone_number, email, rent_status, application_date) VALUES (34, '2026-06-01', 3, 'John Miller', '555-368-1826', 'applicant57@example.com', 2, '2026-05-01');
INSERT INTO p_appinfo (property_name, movein_date, no_of_bedroom, full_name, phone_number, email, rent_status, application_date) VALUES (42, '2026-06-01', 2, 'Sarah Smith', '555-305-9929', 'applicant58@example.com', 2, '2026-05-01');
INSERT INTO p_appinfo (property_name, movein_date, no_of_bedroom, full_name, phone_number, email, rent_status, application_date) VALUES (44, '2026-06-01', 3, 'Elizabeth Williams', '555-612-3490', 'applicant59@example.com', 2, '2026-05-01');
INSERT INTO p_appinfo (property_name, movein_date, no_of_bedroom, full_name, phone_number, email, rent_status, application_date) VALUES (30, '2026-06-01', 2, 'Susan Taylor', '555-395-3790', 'applicant60@example.com', 2, '2026-05-01');
INSERT INTO p_appinfo (property_name, movein_date, no_of_bedroom, full_name, phone_number, email, rent_status, application_date) VALUES (10, '2026-06-01', 2, 'Jessica Johnson', '555-403-8484', 'applicant61@example.com', 1, '2026-05-01');
INSERT INTO p_appinfo (property_name, movein_date, no_of_bedroom, full_name, phone_number, email, rent_status, application_date) VALUES (28, '2026-06-01', 3, 'Sarah Wilson', '555-930-5973', 'applicant62@example.com', 2, '2026-05-01');
INSERT INTO p_appinfo (property_name, movein_date, no_of_bedroom, full_name, phone_number, email, rent_status, application_date) VALUES (13, '2026-06-01', 2, 'Sarah Gonzalez', '555-165-9549', 'applicant63@example.com', 1, '2026-05-01');
INSERT INTO p_appinfo (property_name, movein_date, no_of_bedroom, full_name, phone_number, email, rent_status, application_date) VALUES (33, '2026-06-01', 2, 'Barbara Martin', '555-930-3291', 'applicant64@example.com', 2, '2026-05-01');
INSERT INTO p_appinfo (property_name, movein_date, no_of_bedroom, full_name, phone_number, email, rent_status, application_date) VALUES (40, '2026-06-01', 3, 'Mary Wilson', '555-252-7366', 'applicant65@example.com', 1, '2026-05-01');
INSERT INTO p_appinfo (property_name, movein_date, no_of_bedroom, full_name, phone_number, email, rent_status, application_date) VALUES (33, '2026-06-01', 1, 'Michael Williams', '555-615-9423', 'applicant66@example.com', 0, '2026-05-01');
INSERT INTO p_appinfo (property_name, movein_date, no_of_bedroom, full_name, phone_number, email, rent_status, application_date) VALUES (36, '2026-06-01', 2, 'Robert Garcia', '555-691-2059', 'applicant67@example.com', 2, '2026-05-01');
INSERT INTO p_appinfo (property_name, movein_date, no_of_bedroom, full_name, phone_number, email, rent_status, application_date) VALUES (11, '2026-06-01', 3, 'Patricia Thomas', '555-184-1422', 'applicant68@example.com', 2, '2026-05-01');
INSERT INTO p_appinfo (property_name, movein_date, no_of_bedroom, full_name, phone_number, email, rent_status, application_date) VALUES (17, '2026-06-01', 2, 'Richard Wilson', '555-748-1016', 'applicant69@example.com', 2, '2026-05-01');
INSERT INTO p_appinfo (property_name, movein_date, no_of_bedroom, full_name, phone_number, email, rent_status, application_date) VALUES (5, '2026-06-01', 2, 'Michael Brown', '555-102-1312', 'applicant70@example.com', 0, '2026-05-01');
INSERT INTO p_appinfo (property_name, movein_date, no_of_bedroom, full_name, phone_number, email, rent_status, application_date) VALUES (46, '2026-06-01', 1, 'Charles Lopez', '555-408-6399', 'applicant71@example.com', 0, '2026-05-01');
INSERT INTO p_appinfo (property_name, movein_date, no_of_bedroom, full_name, phone_number, email, rent_status, application_date) VALUES (33, '2026-06-01', 3, 'Jessica Brown', '555-481-8442', 'applicant72@example.com', 0, '2026-05-01');
INSERT INTO p_appinfo (property_name, movein_date, no_of_bedroom, full_name, phone_number, email, rent_status, application_date) VALUES (41, '2026-06-01', 3, 'John Moore', '555-623-3782', 'applicant73@example.com', 0, '2026-05-01');
INSERT INTO p_appinfo (property_name, movein_date, no_of_bedroom, full_name, phone_number, email, rent_status, application_date) VALUES (12, '2026-06-01', 1, 'Sarah Taylor', '555-582-7675', 'applicant74@example.com', 0, '2026-05-01');
INSERT INTO p_appinfo (property_name, movein_date, no_of_bedroom, full_name, phone_number, email, rent_status, application_date) VALUES (21, '2026-06-01', 1, 'Charles Smith', '555-555-1720', 'applicant75@example.com', 1, '2026-05-01');
INSERT INTO p_appinfo (property_name, movein_date, no_of_bedroom, full_name, phone_number, email, rent_status, application_date) VALUES (12, '2026-06-01', 3, 'Patricia Brown', '555-325-6207', 'applicant76@example.com', 1, '2026-05-01');
INSERT INTO p_appinfo (property_name, movein_date, no_of_bedroom, full_name, phone_number, email, rent_status, application_date) VALUES (15, '2026-06-01', 2, 'Robert Rodriguez', '555-548-3136', 'applicant77@example.com', 1, '2026-05-01');
INSERT INTO p_appinfo (property_name, movein_date, no_of_bedroom, full_name, phone_number, email, rent_status, application_date) VALUES (34, '2026-06-01', 1, 'William Taylor', '555-380-7112', 'applicant78@example.com', 2, '2026-05-01');
INSERT INTO p_appinfo (property_name, movein_date, no_of_bedroom, full_name, phone_number, email, rent_status, application_date) VALUES (7, '2026-06-01', 1, 'Karen Martin', '555-296-9258', 'applicant79@example.com', 2, '2026-05-01');
INSERT INTO p_appinfo (property_name, movein_date, no_of_bedroom, full_name, phone_number, email, rent_status, application_date) VALUES (1, '2026-06-01', 1, 'Patricia Hernandez', '555-880-5770', 'applicant80@example.com', 1, '2026-05-01');
INSERT INTO p_appinfo (property_name, movein_date, no_of_bedroom, full_name, phone_number, email, rent_status, application_date) VALUES (47, '2026-06-01', 2, 'William Davis', '555-689-3939', 'applicant81@example.com', 1, '2026-05-01');
INSERT INTO p_appinfo (property_name, movein_date, no_of_bedroom, full_name, phone_number, email, rent_status, application_date) VALUES (47, '2026-06-01', 2, 'Charles Smith', '555-826-5918', 'applicant82@example.com', 2, '2026-05-01');
INSERT INTO p_appinfo (property_name, movein_date, no_of_bedroom, full_name, phone_number, email, rent_status, application_date) VALUES (21, '2026-06-01', 2, 'Joseph Thomas', '555-281-5949', 'applicant83@example.com', 2, '2026-05-01');
INSERT INTO p_appinfo (property_name, movein_date, no_of_bedroom, full_name, phone_number, email, rent_status, application_date) VALUES (49, '2026-06-01', 3, 'Mary Wilson', '555-437-3815', 'applicant84@example.com', 0, '2026-05-01');
INSERT INTO p_appinfo (property_name, movein_date, no_of_bedroom, full_name, phone_number, email, rent_status, application_date) VALUES (7, '2026-06-01', 3, 'Linda Jones', '555-933-4035', 'applicant85@example.com', 1, '2026-05-01');
INSERT INTO p_appinfo (property_name, movein_date, no_of_bedroom, full_name, phone_number, email, rent_status, application_date) VALUES (28, '2026-06-01', 1, 'Richard Jackson', '555-900-3729', 'applicant86@example.com', 2, '2026-05-01');
INSERT INTO p_appinfo (property_name, movein_date, no_of_bedroom, full_name, phone_number, email, rent_status, application_date) VALUES (1, '2026-06-01', 1, 'William Martin', '555-256-9353', 'applicant87@example.com', 1, '2026-05-01');
INSERT INTO p_appinfo (property_name, movein_date, no_of_bedroom, full_name, phone_number, email, rent_status, application_date) VALUES (7, '2026-06-01', 3, 'William Smith', '555-889-3775', 'applicant88@example.com', 1, '2026-05-01');
INSERT INTO p_appinfo (property_name, movein_date, no_of_bedroom, full_name, phone_number, email, rent_status, application_date) VALUES (13, '2026-06-01', 1, 'John Smith', '555-544-2557', 'applicant89@example.com', 1, '2026-05-01');
INSERT INTO p_appinfo (property_name, movein_date, no_of_bedroom, full_name, phone_number, email, rent_status, application_date) VALUES (2, '2026-06-01', 2, 'Richard Moore', '555-425-3025', 'applicant90@example.com', 1, '2026-05-01');
INSERT INTO p_appinfo (property_name, movein_date, no_of_bedroom, full_name, phone_number, email, rent_status, application_date) VALUES (36, '2026-06-01', 1, 'Mary Johnson', '555-451-7501', 'applicant91@example.com', 2, '2026-05-01');
INSERT INTO p_appinfo (property_name, movein_date, no_of_bedroom, full_name, phone_number, email, rent_status, application_date) VALUES (42, '2026-06-01', 3, 'Susan Hernandez', '555-192-7312', 'applicant92@example.com', 0, '2026-05-01');
INSERT INTO p_appinfo (property_name, movein_date, no_of_bedroom, full_name, phone_number, email, rent_status, application_date) VALUES (21, '2026-06-01', 1, 'William Lopez', '555-157-5446', 'applicant93@example.com', 0, '2026-05-01');
INSERT INTO p_appinfo (property_name, movein_date, no_of_bedroom, full_name, phone_number, email, rent_status, application_date) VALUES (47, '2026-06-01', 3, 'Karen Jones', '555-812-2968', 'applicant94@example.com', 0, '2026-05-01');
INSERT INTO p_appinfo (property_name, movein_date, no_of_bedroom, full_name, phone_number, email, rent_status, application_date) VALUES (46, '2026-06-01', 2, 'Barbara Taylor', '555-261-7138', 'applicant95@example.com', 2, '2026-05-01');
INSERT INTO p_appinfo (property_name, movein_date, no_of_bedroom, full_name, phone_number, email, rent_status, application_date) VALUES (42, '2026-06-01', 1, 'Michael Wilson', '555-318-3646', 'applicant96@example.com', 0, '2026-05-01');
INSERT INTO p_appinfo (property_name, movein_date, no_of_bedroom, full_name, phone_number, email, rent_status, application_date) VALUES (43, '2026-06-01', 3, 'Charles Smith', '555-901-3405', 'applicant97@example.com', 2, '2026-05-01');
INSERT INTO p_appinfo (property_name, movein_date, no_of_bedroom, full_name, phone_number, email, rent_status, application_date) VALUES (7, '2026-06-01', 3, 'Karen Hernandez', '555-652-8455', 'applicant98@example.com', 2, '2026-05-01');
INSERT INTO p_appinfo (property_name, movein_date, no_of_bedroom, full_name, phone_number, email, rent_status, application_date) VALUES (5, '2026-06-01', 1, 'David Jackson', '555-320-3115', 'applicant99@example.com', 0, '2026-05-01');
INSERT INTO p_appinfo (property_name, movein_date, no_of_bedroom, full_name, phone_number, email, rent_status, application_date) VALUES (8, '2026-06-01', 2, 'David Moore', '555-130-8077', 'applicant100@example.com', 0, '2026-05-01');
INSERT INTO p_appinfo (property_name, movein_date, no_of_bedroom, full_name, phone_number, email, rent_status, application_date) VALUES (48, '2026-06-01', 2, 'Robert Lopez', '555-688-9634', 'applicant101@example.com', 0, '2026-05-01');
INSERT INTO p_appinfo (property_name, movein_date, no_of_bedroom, full_name, phone_number, email, rent_status, application_date) VALUES (47, '2026-06-01', 3, 'John Wilson', '555-657-8296', 'applicant102@example.com', 0, '2026-05-01');
INSERT INTO p_appinfo (property_name, movein_date, no_of_bedroom, full_name, phone_number, email, rent_status, application_date) VALUES (6, '2026-06-01', 2, 'Richard Johnson', '555-881-5933', 'applicant103@example.com', 1, '2026-05-01');
INSERT INTO p_appinfo (property_name, movein_date, no_of_bedroom, full_name, phone_number, email, rent_status, application_date) VALUES (29, '2026-06-01', 2, 'Charles Anderson', '555-462-5104', 'applicant104@example.com', 0, '2026-05-01');
INSERT INTO p_appinfo (property_name, movein_date, no_of_bedroom, full_name, phone_number, email, rent_status, application_date) VALUES (35, '2026-06-01', 2, 'Susan Lopez', '555-280-1400', 'applicant105@example.com', 2, '2026-05-01');
INSERT INTO p_appinfo (property_name, movein_date, no_of_bedroom, full_name, phone_number, email, rent_status, application_date) VALUES (44, '2026-06-01', 2, 'Patricia Anderson', '555-752-6138', 'applicant106@example.com', 0, '2026-05-01');
INSERT INTO p_appinfo (property_name, movein_date, no_of_bedroom, full_name, phone_number, email, rent_status, application_date) VALUES (10, '2026-06-01', 3, 'Jennifer Smith', '555-591-3866', 'applicant107@example.com', 2, '2026-05-01');
INSERT INTO p_appinfo (property_name, movein_date, no_of_bedroom, full_name, phone_number, email, rent_status, application_date) VALUES (9, '2026-06-01', 3, 'John Gonzalez', '555-843-6920', 'applicant108@example.com', 2, '2026-05-01');
INSERT INTO p_appinfo (property_name, movein_date, no_of_bedroom, full_name, phone_number, email, rent_status, application_date) VALUES (10, '2026-06-01', 1, 'David Williams', '555-890-6831', 'applicant109@example.com', 0, '2026-05-01');
INSERT INTO p_appinfo (property_name, movein_date, no_of_bedroom, full_name, phone_number, email, rent_status, application_date) VALUES (32, '2026-06-01', 1, 'Joseph Johnson', '555-160-4742', 'applicant110@example.com', 2, '2026-05-01');
INSERT INTO p_appinfo (property_name, movein_date, no_of_bedroom, full_name, phone_number, email, rent_status, application_date) VALUES (45, '2026-06-01', 1, 'Mary Miller', '555-605-2451', 'applicant111@example.com', 0, '2026-05-01');
INSERT INTO p_appinfo (property_name, movein_date, no_of_bedroom, full_name, phone_number, email, rent_status, application_date) VALUES (19, '2026-06-01', 3, 'Thomas Moore', '555-201-8825', 'applicant112@example.com', 0, '2026-05-01');
INSERT INTO p_appinfo (property_name, movein_date, no_of_bedroom, full_name, phone_number, email, rent_status, application_date) VALUES (47, '2026-06-01', 1, 'Joseph Jones', '555-746-2779', 'applicant113@example.com', 1, '2026-05-01');
INSERT INTO p_appinfo (property_name, movein_date, no_of_bedroom, full_name, phone_number, email, rent_status, application_date) VALUES (32, '2026-06-01', 2, 'Richard Brown', '555-184-9050', 'applicant114@example.com', 0, '2026-05-01');
INSERT INTO p_appinfo (property_name, movein_date, no_of_bedroom, full_name, phone_number, email, rent_status, application_date) VALUES (28, '2026-06-01', 1, 'Mary Davis', '555-413-6868', 'applicant115@example.com', 1, '2026-05-01');
INSERT INTO p_appinfo (property_name, movein_date, no_of_bedroom, full_name, phone_number, email, rent_status, application_date) VALUES (5, '2026-06-01', 2, 'Susan Miller', '555-470-2082', 'applicant116@example.com', 1, '2026-05-01');
INSERT INTO p_appinfo (property_name, movein_date, no_of_bedroom, full_name, phone_number, email, rent_status, application_date) VALUES (31, '2026-06-01', 3, 'Thomas Smith', '555-982-4559', 'applicant117@example.com', 2, '2026-05-01');
INSERT INTO p_appinfo (property_name, movein_date, no_of_bedroom, full_name, phone_number, email, rent_status, application_date) VALUES (10, '2026-06-01', 3, 'Charles Taylor', '555-649-6752', 'applicant118@example.com', 2, '2026-05-01');
INSERT INTO p_appinfo (property_name, movein_date, no_of_bedroom, full_name, phone_number, email, rent_status, application_date) VALUES (22, '2026-06-01', 3, 'Richard Gonzalez', '555-780-2179', 'applicant119@example.com', 2, '2026-05-01');
INSERT INTO p_appinfo (property_name, movein_date, no_of_bedroom, full_name, phone_number, email, rent_status, application_date) VALUES (12, '2026-06-01', 1, 'Linda Miller', '555-382-7482', 'applicant120@example.com', 2, '2026-05-01');
INSERT INTO p_appinfo (property_name, movein_date, no_of_bedroom, full_name, phone_number, email, rent_status, application_date) VALUES (8, '2026-06-01', 1, 'Linda Rodriguez', '555-985-7672', 'applicant121@example.com', 0, '2026-05-01');
INSERT INTO p_appinfo (property_name, movein_date, no_of_bedroom, full_name, phone_number, email, rent_status, application_date) VALUES (21, '2026-06-01', 2, 'David Anderson', '555-768-7895', 'applicant122@example.com', 0, '2026-05-01');
INSERT INTO p_appinfo (property_name, movein_date, no_of_bedroom, full_name, phone_number, email, rent_status, application_date) VALUES (38, '2026-06-01', 3, 'James Hernandez', '555-603-6868', 'applicant123@example.com', 2, '2026-05-01');
INSERT INTO p_appinfo (property_name, movein_date, no_of_bedroom, full_name, phone_number, email, rent_status, application_date) VALUES (22, '2026-06-01', 2, 'Jessica Miller', '555-934-1763', 'applicant124@example.com', 1, '2026-05-01');
INSERT INTO p_appinfo (property_name, movein_date, no_of_bedroom, full_name, phone_number, email, rent_status, application_date) VALUES (37, '2026-06-01', 1, 'Charles Anderson', '555-738-8748', 'applicant125@example.com', 1, '2026-05-01');
INSERT INTO p_appinfo (property_name, movein_date, no_of_bedroom, full_name, phone_number, email, rent_status, application_date) VALUES (46, '2026-06-01', 2, 'Jennifer Jones', '555-926-9152', 'applicant126@example.com', 2, '2026-05-01');
INSERT INTO p_appinfo (property_name, movein_date, no_of_bedroom, full_name, phone_number, email, rent_status, application_date) VALUES (1, '2026-06-01', 1, 'Thomas Williams', '555-687-4973', 'applicant127@example.com', 2, '2026-05-01');
INSERT INTO p_appinfo (property_name, movein_date, no_of_bedroom, full_name, phone_number, email, rent_status, application_date) VALUES (12, '2026-06-01', 3, 'Richard Martinez', '555-129-7478', 'applicant128@example.com', 2, '2026-05-01');
INSERT INTO p_appinfo (property_name, movein_date, no_of_bedroom, full_name, phone_number, email, rent_status, application_date) VALUES (24, '2026-06-01', 3, 'Jessica Moore', '555-937-1909', 'applicant129@example.com', 1, '2026-05-01');
INSERT INTO p_appinfo (property_name, movein_date, no_of_bedroom, full_name, phone_number, email, rent_status, application_date) VALUES (40, '2026-06-01', 3, 'Robert Miller', '555-654-6282', 'applicant130@example.com', 0, '2026-05-01');
INSERT INTO p_appinfo (property_name, movein_date, no_of_bedroom, full_name, phone_number, email, rent_status, application_date) VALUES (48, '2026-06-01', 1, 'William Miller', '555-689-3766', 'applicant131@example.com', 2, '2026-05-01');
INSERT INTO p_appinfo (property_name, movein_date, no_of_bedroom, full_name, phone_number, email, rent_status, application_date) VALUES (1, '2026-06-01', 2, 'David Anderson', '555-165-3377', 'applicant132@example.com', 2, '2026-05-01');
INSERT INTO p_appinfo (property_name, movein_date, no_of_bedroom, full_name, phone_number, email, rent_status, application_date) VALUES (6, '2026-06-01', 2, 'Susan Brown', '555-926-4428', 'applicant133@example.com', 0, '2026-05-01');
INSERT INTO p_appinfo (property_name, movein_date, no_of_bedroom, full_name, phone_number, email, rent_status, application_date) VALUES (24, '2026-06-01', 3, 'Jessica Rodriguez', '555-899-3998', 'applicant134@example.com', 0, '2026-05-01');
INSERT INTO p_appinfo (property_name, movein_date, no_of_bedroom, full_name, phone_number, email, rent_status, application_date) VALUES (30, '2026-06-01', 3, 'Sarah Martin', '555-897-6832', 'applicant135@example.com', 0, '2026-05-01');
INSERT INTO p_appinfo (property_name, movein_date, no_of_bedroom, full_name, phone_number, email, rent_status, application_date) VALUES (13, '2026-06-01', 2, 'John Lopez', '555-957-7383', 'applicant136@example.com', 2, '2026-05-01');
INSERT INTO p_appinfo (property_name, movein_date, no_of_bedroom, full_name, phone_number, email, rent_status, application_date) VALUES (40, '2026-06-01', 2, 'James Jones', '555-155-8119', 'applicant137@example.com', 0, '2026-05-01');
INSERT INTO p_appinfo (property_name, movein_date, no_of_bedroom, full_name, phone_number, email, rent_status, application_date) VALUES (40, '2026-06-01', 2, 'John Davis', '555-681-6673', 'applicant138@example.com', 2, '2026-05-01');
INSERT INTO p_appinfo (property_name, movein_date, no_of_bedroom, full_name, phone_number, email, rent_status, application_date) VALUES (17, '2026-06-01', 3, 'Patricia Lopez', '555-257-6220', 'applicant139@example.com', 0, '2026-05-01');
INSERT INTO p_appinfo (property_name, movein_date, no_of_bedroom, full_name, phone_number, email, rent_status, application_date) VALUES (7, '2026-06-01', 2, 'Joseph Williams', '555-338-5732', 'applicant140@example.com', 0, '2026-05-01');
INSERT INTO p_appinfo (property_name, movein_date, no_of_bedroom, full_name, phone_number, email, rent_status, application_date) VALUES (37, '2026-06-01', 3, 'John Jones', '555-988-8198', 'applicant141@example.com', 1, '2026-05-01');
INSERT INTO p_appinfo (property_name, movein_date, no_of_bedroom, full_name, phone_number, email, rent_status, application_date) VALUES (12, '2026-06-01', 3, 'James Johnson', '555-532-5216', 'applicant142@example.com', 0, '2026-05-01');
INSERT INTO p_appinfo (property_name, movein_date, no_of_bedroom, full_name, phone_number, email, rent_status, application_date) VALUES (9, '2026-06-01', 2, 'Charles Thomas', '555-340-6996', 'applicant143@example.com', 2, '2026-05-01');
INSERT INTO p_appinfo (property_name, movein_date, no_of_bedroom, full_name, phone_number, email, rent_status, application_date) VALUES (20, '2026-06-01', 3, 'Richard Taylor', '555-313-1074', 'applicant144@example.com', 1, '2026-05-01');
INSERT INTO p_appinfo (property_name, movein_date, no_of_bedroom, full_name, phone_number, email, rent_status, application_date) VALUES (46, '2026-06-01', 2, 'Linda Taylor', '555-853-4696', 'applicant145@example.com', 0, '2026-05-01');
INSERT INTO p_appinfo (property_name, movein_date, no_of_bedroom, full_name, phone_number, email, rent_status, application_date) VALUES (43, '2026-06-01', 2, 'Joseph Anderson', '555-973-3690', 'applicant146@example.com', 1, '2026-05-01');
INSERT INTO p_appinfo (property_name, movein_date, no_of_bedroom, full_name, phone_number, email, rent_status, application_date) VALUES (47, '2026-06-01', 3, 'Linda Moore', '555-161-9451', 'applicant147@example.com', 0, '2026-05-01');
INSERT INTO p_appinfo (property_name, movein_date, no_of_bedroom, full_name, phone_number, email, rent_status, application_date) VALUES (40, '2026-06-01', 2, 'Thomas Lopez', '555-617-3727', 'applicant148@example.com', 2, '2026-05-01');
INSERT INTO p_appinfo (property_name, movein_date, no_of_bedroom, full_name, phone_number, email, rent_status, application_date) VALUES (39, '2026-06-01', 2, 'Jessica Davis', '555-179-2075', 'applicant149@example.com', 2, '2026-05-01');
INSERT INTO p_appinfo (property_name, movein_date, no_of_bedroom, full_name, phone_number, email, rent_status, application_date) VALUES (3, '2026-06-01', 3, 'Karen Jackson', '555-938-4568', 'applicant150@example.com', 1, '2026-05-01');
INSERT INTO p_tenant (appinfo_id, tenant_name, tenant_contact, property_name, frequency, vacant_unit, tenantStatus) VALUES (1, 'Michael Williams', '555-205-2289', 27, 'Monthly', 191, 0);
INSERT INTO p_lease (tenantId, moveinDate, moveoutDate, property_name, frequency, vacant_unit, rentAmount, leaseStatus) VALUES (1, '2025-01-01', '2026-01-01', 27, 'Monthly', 191, '3372', 0);
INSERT INTO p_tenant (appinfo_id, tenant_name, tenant_contact, property_name, frequency, vacant_unit, tenantStatus) VALUES (2, 'David Davis', '555-679-4488', 18, 'Monthly', 158, 0);
INSERT INTO p_lease (tenantId, moveinDate, moveoutDate, property_name, frequency, vacant_unit, rentAmount, leaseStatus) VALUES (2, '2025-01-01', '2026-01-01', 18, 'Monthly', 158, '3052', 0);
INSERT INTO p_tenant (appinfo_id, tenant_name, tenant_contact, property_name, frequency, vacant_unit, tenantStatus) VALUES (3, 'Barbara Gonzalez', '555-249-9604', 25, 'Monthly', 189, 0);
INSERT INTO p_lease (tenantId, moveinDate, moveoutDate, property_name, frequency, vacant_unit, rentAmount, leaseStatus) VALUES (3, '2025-01-01', '2026-01-01', 25, 'Monthly', 189, '3213', 0);
INSERT INTO p_tenant (appinfo_id, tenant_name, tenant_contact, property_name, frequency, vacant_unit, tenantStatus) VALUES (4, 'Robert Brown', '555-153-3451', 12, 'Monthly', 147, 0);
INSERT INTO p_lease (tenantId, moveinDate, moveoutDate, property_name, frequency, vacant_unit, rentAmount, leaseStatus) VALUES (4, '2025-01-01', '2026-01-01', 12, 'Monthly', 147, '1750', 0);
INSERT INTO p_tenant (appinfo_id, tenant_name, tenant_contact, property_name, frequency, vacant_unit, tenantStatus) VALUES (5, 'James Johnson', '555-236-2044', 22, 'Monthly', 292, 0);
INSERT INTO p_lease (tenantId, moveinDate, moveoutDate, property_name, frequency, vacant_unit, rentAmount, leaseStatus) VALUES (5, '2025-01-01', '2026-01-01', 22, 'Monthly', 292, '882', 0);
INSERT INTO p_tenant (appinfo_id, tenant_name, tenant_contact, property_name, frequency, vacant_unit, tenantStatus) VALUES (6, 'Barbara Jones', '555-793-9845', 26, 'Monthly', 266, 0);
INSERT INTO p_lease (tenantId, moveinDate, moveoutDate, property_name, frequency, vacant_unit, rentAmount, leaseStatus) VALUES (6, '2025-01-01', '2026-01-01', 26, 'Monthly', 266, '3231', 0);
INSERT INTO p_tenant (appinfo_id, tenant_name, tenant_contact, property_name, frequency, vacant_unit, tenantStatus) VALUES (7, 'Robert Davis', '555-195-7597', 40, 'Monthly', 94, 0);
INSERT INTO p_lease (tenantId, moveinDate, moveoutDate, property_name, frequency, vacant_unit, rentAmount, leaseStatus) VALUES (7, '2025-01-01', '2026-01-01', 40, 'Monthly', 94, '1824', 0);
INSERT INTO p_tenant (appinfo_id, tenant_name, tenant_contact, property_name, frequency, vacant_unit, tenantStatus) VALUES (8, 'Joseph Brown', '555-218-4518', 49, 'Monthly', 127, 0);
INSERT INTO p_lease (tenantId, moveinDate, moveoutDate, property_name, frequency, vacant_unit, rentAmount, leaseStatus) VALUES (8, '2025-01-01', '2026-01-01', 49, 'Monthly', 127, '1601', 0);
INSERT INTO p_tenant (appinfo_id, tenant_name, tenant_contact, property_name, frequency, vacant_unit, tenantStatus) VALUES (9, 'William Garcia', '555-101-6149', 21, 'Monthly', 180, 0);
INSERT INTO p_lease (tenantId, moveinDate, moveoutDate, property_name, frequency, vacant_unit, rentAmount, leaseStatus) VALUES (9, '2025-01-01', '2026-01-01', 21, 'Monthly', 180, '3241', 0);
INSERT INTO p_tenant (appinfo_id, tenant_name, tenant_contact, property_name, frequency, vacant_unit, tenantStatus) VALUES (10, 'Joseph Wilson', '555-574-6291', 12, 'Monthly', 56, 0);
INSERT INTO p_lease (tenantId, moveinDate, moveoutDate, property_name, frequency, vacant_unit, rentAmount, leaseStatus) VALUES (10, '2025-01-01', '2026-01-01', 12, 'Monthly', 56, '3329', 0);
INSERT INTO p_tenant (appinfo_id, tenant_name, tenant_contact, property_name, frequency, vacant_unit, tenantStatus) VALUES (11, 'James Hernandez', '555-377-2449', 44, 'Monthly', 53, 0);
INSERT INTO p_lease (tenantId, moveinDate, moveoutDate, property_name, frequency, vacant_unit, rentAmount, leaseStatus) VALUES (11, '2025-01-01', '2026-01-01', 44, 'Monthly', 53, '1321', 0);
INSERT INTO p_tenant (appinfo_id, tenant_name, tenant_contact, property_name, frequency, vacant_unit, tenantStatus) VALUES (12, 'James Johnson', '555-893-7873', 24, 'Monthly', 255, 0);
INSERT INTO p_lease (tenantId, moveinDate, moveoutDate, property_name, frequency, vacant_unit, rentAmount, leaseStatus) VALUES (12, '2025-01-01', '2026-01-01', 24, 'Monthly', 255, '1458', 0);
INSERT INTO p_tenant (appinfo_id, tenant_name, tenant_contact, property_name, frequency, vacant_unit, tenantStatus) VALUES (13, 'Richard Garcia', '555-160-6820', 7, 'Monthly', 264, 0);
INSERT INTO p_lease (tenantId, moveinDate, moveoutDate, property_name, frequency, vacant_unit, rentAmount, leaseStatus) VALUES (13, '2025-01-01', '2026-01-01', 7, 'Monthly', 264, '2366', 0);
INSERT INTO p_tenant (appinfo_id, tenant_name, tenant_contact, property_name, frequency, vacant_unit, tenantStatus) VALUES (14, 'Karen Hernandez', '555-314-1859', 15, 'Monthly', 91, 0);
INSERT INTO p_lease (tenantId, moveinDate, moveoutDate, property_name, frequency, vacant_unit, rentAmount, leaseStatus) VALUES (14, '2025-01-01', '2026-01-01', 15, 'Monthly', 91, '924', 0);
INSERT INTO p_tenant (appinfo_id, tenant_name, tenant_contact, property_name, frequency, vacant_unit, tenantStatus) VALUES (15, 'Patricia Gonzalez', '555-649-2193', 48, 'Monthly', 77, 0);
INSERT INTO p_lease (tenantId, moveinDate, moveoutDate, property_name, frequency, vacant_unit, rentAmount, leaseStatus) VALUES (15, '2025-01-01', '2026-01-01', 48, 'Monthly', 77, '1294', 0);
INSERT INTO p_tenant (appinfo_id, tenant_name, tenant_contact, property_name, frequency, vacant_unit, tenantStatus) VALUES (16, 'Jessica Smith', '555-611-6751', 16, 'Monthly', 13, 0);
INSERT INTO p_lease (tenantId, moveinDate, moveoutDate, property_name, frequency, vacant_unit, rentAmount, leaseStatus) VALUES (16, '2025-01-01', '2026-01-01', 16, 'Monthly', 13, '1060', 0);
INSERT INTO p_tenant (appinfo_id, tenant_name, tenant_contact, property_name, frequency, vacant_unit, tenantStatus) VALUES (17, 'Richard Jackson', '555-641-8889', 9, 'Monthly', 223, 0);
INSERT INTO p_lease (tenantId, moveinDate, moveoutDate, property_name, frequency, vacant_unit, rentAmount, leaseStatus) VALUES (17, '2025-01-01', '2026-01-01', 9, 'Monthly', 223, '3423', 0);
INSERT INTO p_tenant (appinfo_id, tenant_name, tenant_contact, property_name, frequency, vacant_unit, tenantStatus) VALUES (18, 'Joseph Moore', '555-702-6616', 5, 'Monthly', 38, 0);
INSERT INTO p_lease (tenantId, moveinDate, moveoutDate, property_name, frequency, vacant_unit, rentAmount, leaseStatus) VALUES (18, '2025-01-01', '2026-01-01', 5, 'Monthly', 38, '1396', 0);
INSERT INTO p_tenant (appinfo_id, tenant_name, tenant_contact, property_name, frequency, vacant_unit, tenantStatus) VALUES (19, 'Barbara Johnson', '555-299-9643', 12, 'Monthly', 294, 0);
INSERT INTO p_lease (tenantId, moveinDate, moveoutDate, property_name, frequency, vacant_unit, rentAmount, leaseStatus) VALUES (19, '2025-01-01', '2026-01-01', 12, 'Monthly', 294, '1939', 0);
INSERT INTO p_tenant (appinfo_id, tenant_name, tenant_contact, property_name, frequency, vacant_unit, tenantStatus) VALUES (20, 'Joseph Hernandez', '555-961-1119', 4, 'Monthly', 119, 0);
INSERT INTO p_lease (tenantId, moveinDate, moveoutDate, property_name, frequency, vacant_unit, rentAmount, leaseStatus) VALUES (20, '2025-01-01', '2026-01-01', 4, 'Monthly', 119, '1428', 0);
INSERT INTO p_tenant (appinfo_id, tenant_name, tenant_contact, property_name, frequency, vacant_unit, tenantStatus) VALUES (21, 'John Garcia', '555-847-8935', 14, 'Monthly', 62, 0);
INSERT INTO p_lease (tenantId, moveinDate, moveoutDate, property_name, frequency, vacant_unit, rentAmount, leaseStatus) VALUES (21, '2025-01-01', '2026-01-01', 14, 'Monthly', 62, '2968', 0);
INSERT INTO p_tenant (appinfo_id, tenant_name, tenant_contact, property_name, frequency, vacant_unit, tenantStatus) VALUES (22, 'Sarah Lopez', '555-157-6503', 17, 'Monthly', 39, 0);
INSERT INTO p_lease (tenantId, moveinDate, moveoutDate, property_name, frequency, vacant_unit, rentAmount, leaseStatus) VALUES (22, '2025-01-01', '2026-01-01', 17, 'Monthly', 39, '1264', 0);
INSERT INTO p_tenant (appinfo_id, tenant_name, tenant_contact, property_name, frequency, vacant_unit, tenantStatus) VALUES (23, 'Robert Anderson', '555-360-3134', 49, 'Monthly', 17, 0);
INSERT INTO p_lease (tenantId, moveinDate, moveoutDate, property_name, frequency, vacant_unit, rentAmount, leaseStatus) VALUES (23, '2025-01-01', '2026-01-01', 49, 'Monthly', 17, '2780', 0);
INSERT INTO p_tenant (appinfo_id, tenant_name, tenant_contact, property_name, frequency, vacant_unit, tenantStatus) VALUES (24, 'James Rodriguez', '555-227-5693', 41, 'Monthly', 92, 0);
INSERT INTO p_lease (tenantId, moveinDate, moveoutDate, property_name, frequency, vacant_unit, rentAmount, leaseStatus) VALUES (24, '2025-01-01', '2026-01-01', 41, 'Monthly', 92, '1941', 0);
INSERT INTO p_tenant (appinfo_id, tenant_name, tenant_contact, property_name, frequency, vacant_unit, tenantStatus) VALUES (25, 'Karen Johnson', '555-780-5763', 32, 'Monthly', 90, 0);
INSERT INTO p_lease (tenantId, moveinDate, moveoutDate, property_name, frequency, vacant_unit, rentAmount, leaseStatus) VALUES (25, '2025-01-01', '2026-01-01', 32, 'Monthly', 90, '1036', 0);
INSERT INTO p_tenant (appinfo_id, tenant_name, tenant_contact, property_name, frequency, vacant_unit, tenantStatus) VALUES (26, 'Karen Gonzalez', '555-946-4334', 20, 'Monthly', 169, 0);
INSERT INTO p_lease (tenantId, moveinDate, moveoutDate, property_name, frequency, vacant_unit, rentAmount, leaseStatus) VALUES (26, '2025-01-01', '2026-01-01', 20, 'Monthly', 169, '844', 0);
INSERT INTO p_tenant (appinfo_id, tenant_name, tenant_contact, property_name, frequency, vacant_unit, tenantStatus) VALUES (27, 'Patricia Brown', '555-841-2039', 29, 'Monthly', 171, 0);
INSERT INTO p_lease (tenantId, moveinDate, moveoutDate, property_name, frequency, vacant_unit, rentAmount, leaseStatus) VALUES (27, '2025-01-01', '2026-01-01', 29, 'Monthly', 171, '1626', 0);
INSERT INTO p_tenant (appinfo_id, tenant_name, tenant_contact, property_name, frequency, vacant_unit, tenantStatus) VALUES (28, 'Robert Rodriguez', '555-937-6655', 13, 'Monthly', 18, 0);
INSERT INTO p_lease (tenantId, moveinDate, moveoutDate, property_name, frequency, vacant_unit, rentAmount, leaseStatus) VALUES (28, '2025-01-01', '2026-01-01', 13, 'Monthly', 18, '1739', 0);
INSERT INTO p_tenant (appinfo_id, tenant_name, tenant_contact, property_name, frequency, vacant_unit, tenantStatus) VALUES (29, 'Richard Anderson', '555-214-8087', 5, 'Monthly', 101, 0);
INSERT INTO p_lease (tenantId, moveinDate, moveoutDate, property_name, frequency, vacant_unit, rentAmount, leaseStatus) VALUES (29, '2025-01-01', '2026-01-01', 5, 'Monthly', 101, '928', 0);
INSERT INTO p_tenant (appinfo_id, tenant_name, tenant_contact, property_name, frequency, vacant_unit, tenantStatus) VALUES (30, 'Susan Gonzalez', '555-502-2254', 37, 'Monthly', 248, 0);
INSERT INTO p_lease (tenantId, moveinDate, moveoutDate, property_name, frequency, vacant_unit, rentAmount, leaseStatus) VALUES (30, '2025-01-01', '2026-01-01', 37, 'Monthly', 248, '1459', 0);
INSERT INTO p_tenant (appinfo_id, tenant_name, tenant_contact, property_name, frequency, vacant_unit, tenantStatus) VALUES (31, 'Robert Garcia', '555-976-9393', 20, 'Monthly', 74, 0);
INSERT INTO p_lease (tenantId, moveinDate, moveoutDate, property_name, frequency, vacant_unit, rentAmount, leaseStatus) VALUES (31, '2025-01-01', '2026-01-01', 20, 'Monthly', 74, '2572', 0);
INSERT INTO p_tenant (appinfo_id, tenant_name, tenant_contact, property_name, frequency, vacant_unit, tenantStatus) VALUES (32, 'Susan Williams', '555-686-1947', 4, 'Monthly', 48, 0);
INSERT INTO p_lease (tenantId, moveinDate, moveoutDate, property_name, frequency, vacant_unit, rentAmount, leaseStatus) VALUES (32, '2025-01-01', '2026-01-01', 4, 'Monthly', 48, '3137', 0);
INSERT INTO p_tenant (appinfo_id, tenant_name, tenant_contact, property_name, frequency, vacant_unit, tenantStatus) VALUES (33, 'Sarah Rodriguez', '555-223-9706', 38, 'Monthly', 80, 0);
INSERT INTO p_lease (tenantId, moveinDate, moveoutDate, property_name, frequency, vacant_unit, rentAmount, leaseStatus) VALUES (33, '2025-01-01', '2026-01-01', 38, 'Monthly', 80, '2256', 0);
INSERT INTO p_tenant (appinfo_id, tenant_name, tenant_contact, property_name, frequency, vacant_unit, tenantStatus) VALUES (34, 'Susan Garcia', '555-730-2567', 12, 'Monthly', 225, 0);
INSERT INTO p_lease (tenantId, moveinDate, moveoutDate, property_name, frequency, vacant_unit, rentAmount, leaseStatus) VALUES (34, '2025-01-01', '2026-01-01', 12, 'Monthly', 225, '1705', 0);
INSERT INTO p_tenant (appinfo_id, tenant_name, tenant_contact, property_name, frequency, vacant_unit, tenantStatus) VALUES (35, 'John Moore', '555-891-1197', 40, 'Monthly', 63, 0);
INSERT INTO p_lease (tenantId, moveinDate, moveoutDate, property_name, frequency, vacant_unit, rentAmount, leaseStatus) VALUES (35, '2025-01-01', '2026-01-01', 40, 'Monthly', 63, '1503', 0);
INSERT INTO p_tenant (appinfo_id, tenant_name, tenant_contact, property_name, frequency, vacant_unit, tenantStatus) VALUES (36, 'Susan Williams', '555-921-2153', 39, 'Monthly', 319, 0);
INSERT INTO p_lease (tenantId, moveinDate, moveoutDate, property_name, frequency, vacant_unit, rentAmount, leaseStatus) VALUES (36, '2025-01-01', '2026-01-01', 39, 'Monthly', 319, '1193', 0);
INSERT INTO p_tenant (appinfo_id, tenant_name, tenant_contact, property_name, frequency, vacant_unit, tenantStatus) VALUES (37, 'James Taylor', '555-440-1799', 20, 'Monthly', 128, 0);
INSERT INTO p_lease (tenantId, moveinDate, moveoutDate, property_name, frequency, vacant_unit, rentAmount, leaseStatus) VALUES (37, '2025-01-01', '2026-01-01', 20, 'Monthly', 128, '1791', 0);
INSERT INTO p_tenant (appinfo_id, tenant_name, tenant_contact, property_name, frequency, vacant_unit, tenantStatus) VALUES (38, 'Elizabeth Hernandez', '555-691-2887', 21, 'Monthly', 8, 0);
INSERT INTO p_lease (tenantId, moveinDate, moveoutDate, property_name, frequency, vacant_unit, rentAmount, leaseStatus) VALUES (38, '2025-01-01', '2026-01-01', 21, 'Monthly', 8, '1285', 0);
INSERT INTO p_tenant (appinfo_id, tenant_name, tenant_contact, property_name, frequency, vacant_unit, tenantStatus) VALUES (39, 'Elizabeth Jackson', '555-666-2486', 10, 'Monthly', 233, 0);
INSERT INTO p_lease (tenantId, moveinDate, moveoutDate, property_name, frequency, vacant_unit, rentAmount, leaseStatus) VALUES (39, '2025-01-01', '2026-01-01', 10, 'Monthly', 233, '2453', 0);
INSERT INTO p_tenant (appinfo_id, tenant_name, tenant_contact, property_name, frequency, vacant_unit, tenantStatus) VALUES (40, 'William Moore', '555-337-2848', 34, 'Monthly', 86, 0);
INSERT INTO p_lease (tenantId, moveinDate, moveoutDate, property_name, frequency, vacant_unit, rentAmount, leaseStatus) VALUES (40, '2025-01-01', '2026-01-01', 34, 'Monthly', 86, '1761', 0);
INSERT INTO p_tenant (appinfo_id, tenant_name, tenant_contact, property_name, frequency, vacant_unit, tenantStatus) VALUES (41, 'William Jackson', '555-682-7345', 29, 'Monthly', 113, 0);
INSERT INTO p_lease (tenantId, moveinDate, moveoutDate, property_name, frequency, vacant_unit, rentAmount, leaseStatus) VALUES (41, '2025-01-01', '2026-01-01', 29, 'Monthly', 113, '834', 0);
INSERT INTO p_tenant (appinfo_id, tenant_name, tenant_contact, property_name, frequency, vacant_unit, tenantStatus) VALUES (42, 'Michael Lopez', '555-481-7041', 33, 'Monthly', 204, 0);
INSERT INTO p_lease (tenantId, moveinDate, moveoutDate, property_name, frequency, vacant_unit, rentAmount, leaseStatus) VALUES (42, '2025-01-01', '2026-01-01', 33, 'Monthly', 204, '1727', 0);
INSERT INTO p_tenant (appinfo_id, tenant_name, tenant_contact, property_name, frequency, vacant_unit, tenantStatus) VALUES (43, 'Michael Gonzalez', '555-383-1380', 28, 'Monthly', 226, 0);
INSERT INTO p_lease (tenantId, moveinDate, moveoutDate, property_name, frequency, vacant_unit, rentAmount, leaseStatus) VALUES (43, '2025-01-01', '2026-01-01', 28, 'Monthly', 226, '2559', 0);
INSERT INTO p_tenant (appinfo_id, tenant_name, tenant_contact, property_name, frequency, vacant_unit, tenantStatus) VALUES (44, 'Joseph Moore', '555-348-1906', 47, 'Monthly', 254, 0);
INSERT INTO p_lease (tenantId, moveinDate, moveoutDate, property_name, frequency, vacant_unit, rentAmount, leaseStatus) VALUES (44, '2025-01-01', '2026-01-01', 47, 'Monthly', 254, '2810', 0);
INSERT INTO p_tenant (appinfo_id, tenant_name, tenant_contact, property_name, frequency, vacant_unit, tenantStatus) VALUES (45, 'Joseph Thomas', '555-456-5047', 21, 'Monthly', 264, 0);
INSERT INTO p_lease (tenantId, moveinDate, moveoutDate, property_name, frequency, vacant_unit, rentAmount, leaseStatus) VALUES (45, '2025-01-01', '2026-01-01', 21, 'Monthly', 264, '3333', 0);
INSERT INTO p_tenant (appinfo_id, tenant_name, tenant_contact, property_name, frequency, vacant_unit, tenantStatus) VALUES (46, 'Linda Garcia', '555-736-3643', 26, 'Monthly', 179, 0);
INSERT INTO p_lease (tenantId, moveinDate, moveoutDate, property_name, frequency, vacant_unit, rentAmount, leaseStatus) VALUES (46, '2025-01-01', '2026-01-01', 26, 'Monthly', 179, '2822', 0);
INSERT INTO p_tenant (appinfo_id, tenant_name, tenant_contact, property_name, frequency, vacant_unit, tenantStatus) VALUES (47, 'Jennifer Moore', '555-837-6582', 41, 'Monthly', 101, 0);
INSERT INTO p_lease (tenantId, moveinDate, moveoutDate, property_name, frequency, vacant_unit, rentAmount, leaseStatus) VALUES (47, '2025-01-01', '2026-01-01', 41, 'Monthly', 101, '2647', 0);
INSERT INTO p_tenant (appinfo_id, tenant_name, tenant_contact, property_name, frequency, vacant_unit, tenantStatus) VALUES (48, 'Elizabeth Brown', '555-961-4856', 10, 'Monthly', 144, 0);
INSERT INTO p_lease (tenantId, moveinDate, moveoutDate, property_name, frequency, vacant_unit, rentAmount, leaseStatus) VALUES (48, '2025-01-01', '2026-01-01', 10, 'Monthly', 144, '2951', 0);
INSERT INTO p_tenant (appinfo_id, tenant_name, tenant_contact, property_name, frequency, vacant_unit, tenantStatus) VALUES (49, 'Jessica Thomas', '555-444-3538', 28, 'Monthly', 263, 0);
INSERT INTO p_lease (tenantId, moveinDate, moveoutDate, property_name, frequency, vacant_unit, rentAmount, leaseStatus) VALUES (49, '2025-01-01', '2026-01-01', 28, 'Monthly', 263, '1894', 0);
INSERT INTO p_tenant (appinfo_id, tenant_name, tenant_contact, property_name, frequency, vacant_unit, tenantStatus) VALUES (50, 'David Moore', '555-250-8201', 20, 'Monthly', 204, 0);
INSERT INTO p_lease (tenantId, moveinDate, moveoutDate, property_name, frequency, vacant_unit, rentAmount, leaseStatus) VALUES (50, '2025-01-01', '2026-01-01', 20, 'Monthly', 204, '840', 0);
INSERT INTO p_tenant (appinfo_id, tenant_name, tenant_contact, property_name, frequency, vacant_unit, tenantStatus) VALUES (51, 'Michael Hernandez', '555-359-3293', 13, 'Monthly', 262, 0);
INSERT INTO p_lease (tenantId, moveinDate, moveoutDate, property_name, frequency, vacant_unit, rentAmount, leaseStatus) VALUES (51, '2025-01-01', '2026-01-01', 13, 'Monthly', 262, '804', 0);
INSERT INTO p_tenant (appinfo_id, tenant_name, tenant_contact, property_name, frequency, vacant_unit, tenantStatus) VALUES (52, 'Sarah Miller', '555-694-2049', 18, 'Monthly', 168, 0);
INSERT INTO p_lease (tenantId, moveinDate, moveoutDate, property_name, frequency, vacant_unit, rentAmount, leaseStatus) VALUES (52, '2025-01-01', '2026-01-01', 18, 'Monthly', 168, '3010', 0);
INSERT INTO p_tenant (appinfo_id, tenant_name, tenant_contact, property_name, frequency, vacant_unit, tenantStatus) VALUES (53, 'James Lopez', '555-779-2084', 49, 'Monthly', 176, 0);
INSERT INTO p_lease (tenantId, moveinDate, moveoutDate, property_name, frequency, vacant_unit, rentAmount, leaseStatus) VALUES (53, '2025-01-01', '2026-01-01', 49, 'Monthly', 176, '1995', 0);
INSERT INTO p_tenant (appinfo_id, tenant_name, tenant_contact, property_name, frequency, vacant_unit, tenantStatus) VALUES (54, 'Mary Garcia', '555-780-2028', 31, 'Monthly', 303, 0);
INSERT INTO p_lease (tenantId, moveinDate, moveoutDate, property_name, frequency, vacant_unit, rentAmount, leaseStatus) VALUES (54, '2025-01-01', '2026-01-01', 31, 'Monthly', 303, '3299', 0);
INSERT INTO p_tenant (appinfo_id, tenant_name, tenant_contact, property_name, frequency, vacant_unit, tenantStatus) VALUES (55, 'John Williams', '555-452-1034', 36, 'Monthly', 139, 0);
INSERT INTO p_lease (tenantId, moveinDate, moveoutDate, property_name, frequency, vacant_unit, rentAmount, leaseStatus) VALUES (55, '2025-01-01', '2026-01-01', 36, 'Monthly', 139, '3220', 0);
INSERT INTO p_tenant (appinfo_id, tenant_name, tenant_contact, property_name, frequency, vacant_unit, tenantStatus) VALUES (56, 'Jessica Lopez', '555-539-3439', 25, 'Monthly', 213, 0);
INSERT INTO p_lease (tenantId, moveinDate, moveoutDate, property_name, frequency, vacant_unit, rentAmount, leaseStatus) VALUES (56, '2025-01-01', '2026-01-01', 25, 'Monthly', 213, '3199', 0);
INSERT INTO p_tenant (appinfo_id, tenant_name, tenant_contact, property_name, frequency, vacant_unit, tenantStatus) VALUES (57, 'Joseph Miller', '555-352-3926', 26, 'Monthly', 212, 0);
INSERT INTO p_lease (tenantId, moveinDate, moveoutDate, property_name, frequency, vacant_unit, rentAmount, leaseStatus) VALUES (57, '2025-01-01', '2026-01-01', 26, 'Monthly', 212, '3171', 0);
INSERT INTO p_tenant (appinfo_id, tenant_name, tenant_contact, property_name, frequency, vacant_unit, tenantStatus) VALUES (58, 'Linda Johnson', '555-302-3152', 49, 'Monthly', 35, 0);
INSERT INTO p_lease (tenantId, moveinDate, moveoutDate, property_name, frequency, vacant_unit, rentAmount, leaseStatus) VALUES (58, '2025-01-01', '2026-01-01', 49, 'Monthly', 35, '2077', 0);
INSERT INTO p_tenant (appinfo_id, tenant_name, tenant_contact, property_name, frequency, vacant_unit, tenantStatus) VALUES (59, 'Thomas Gonzalez', '555-141-3668', 17, 'Monthly', 271, 0);
INSERT INTO p_lease (tenantId, moveinDate, moveoutDate, property_name, frequency, vacant_unit, rentAmount, leaseStatus) VALUES (59, '2025-01-01', '2026-01-01', 17, 'Monthly', 271, '2831', 0);
INSERT INTO p_tenant (appinfo_id, tenant_name, tenant_contact, property_name, frequency, vacant_unit, tenantStatus) VALUES (60, 'Thomas Martin', '555-237-9520', 23, 'Monthly', 305, 0);
INSERT INTO p_lease (tenantId, moveinDate, moveoutDate, property_name, frequency, vacant_unit, rentAmount, leaseStatus) VALUES (60, '2025-01-01', '2026-01-01', 23, 'Monthly', 305, '2764', 0);
INSERT INTO p_tenant (appinfo_id, tenant_name, tenant_contact, property_name, frequency, vacant_unit, tenantStatus) VALUES (61, 'Jessica Miller', '555-654-6565', 43, 'Monthly', 47, 0);
INSERT INTO p_lease (tenantId, moveinDate, moveoutDate, property_name, frequency, vacant_unit, rentAmount, leaseStatus) VALUES (61, '2025-01-01', '2026-01-01', 43, 'Monthly', 47, '2825', 0);
INSERT INTO p_tenant (appinfo_id, tenant_name, tenant_contact, property_name, frequency, vacant_unit, tenantStatus) VALUES (62, 'Karen Martinez', '555-330-6183', 27, 'Monthly', 251, 0);
INSERT INTO p_lease (tenantId, moveinDate, moveoutDate, property_name, frequency, vacant_unit, rentAmount, leaseStatus) VALUES (62, '2025-01-01', '2026-01-01', 27, 'Monthly', 251, '1435', 0);
INSERT INTO p_tenant (appinfo_id, tenant_name, tenant_contact, property_name, frequency, vacant_unit, tenantStatus) VALUES (63, 'John Lopez', '555-168-7819', 36, 'Monthly', 219, 0);
INSERT INTO p_lease (tenantId, moveinDate, moveoutDate, property_name, frequency, vacant_unit, rentAmount, leaseStatus) VALUES (63, '2025-01-01', '2026-01-01', 36, 'Monthly', 219, '833', 0);
INSERT INTO p_tenant (appinfo_id, tenant_name, tenant_contact, property_name, frequency, vacant_unit, tenantStatus) VALUES (64, 'James Taylor', '555-253-9015', 31, 'Monthly', 246, 0);
INSERT INTO p_lease (tenantId, moveinDate, moveoutDate, property_name, frequency, vacant_unit, rentAmount, leaseStatus) VALUES (64, '2025-01-01', '2026-01-01', 31, 'Monthly', 246, '1281', 0);
INSERT INTO p_tenant (appinfo_id, tenant_name, tenant_contact, property_name, frequency, vacant_unit, tenantStatus) VALUES (65, 'Robert Rodriguez', '555-256-2530', 31, 'Monthly', 315, 0);
INSERT INTO p_lease (tenantId, moveinDate, moveoutDate, property_name, frequency, vacant_unit, rentAmount, leaseStatus) VALUES (65, '2025-01-01', '2026-01-01', 31, 'Monthly', 315, '1616', 0);
INSERT INTO p_tenant (appinfo_id, tenant_name, tenant_contact, property_name, frequency, vacant_unit, tenantStatus) VALUES (66, 'Patricia Davis', '555-550-8411', 11, 'Monthly', 245, 0);
INSERT INTO p_lease (tenantId, moveinDate, moveoutDate, property_name, frequency, vacant_unit, rentAmount, leaseStatus) VALUES (66, '2025-01-01', '2026-01-01', 11, 'Monthly', 245, '1345', 0);
INSERT INTO p_tenant (appinfo_id, tenant_name, tenant_contact, property_name, frequency, vacant_unit, tenantStatus) VALUES (67, 'Karen Jones', '555-780-9025', 50, 'Monthly', 90, 0);
INSERT INTO p_lease (tenantId, moveinDate, moveoutDate, property_name, frequency, vacant_unit, rentAmount, leaseStatus) VALUES (67, '2025-01-01', '2026-01-01', 50, 'Monthly', 90, '1760', 0);
INSERT INTO p_tenant (appinfo_id, tenant_name, tenant_contact, property_name, frequency, vacant_unit, tenantStatus) VALUES (68, 'Elizabeth Smith', '555-970-3487', 29, 'Monthly', 234, 0);
INSERT INTO p_lease (tenantId, moveinDate, moveoutDate, property_name, frequency, vacant_unit, rentAmount, leaseStatus) VALUES (68, '2025-01-01', '2026-01-01', 29, 'Monthly', 234, '1272', 0);
INSERT INTO p_tenant (appinfo_id, tenant_name, tenant_contact, property_name, frequency, vacant_unit, tenantStatus) VALUES (69, 'Elizabeth Gonzalez', '555-614-4554', 17, 'Monthly', 210, 0);
INSERT INTO p_lease (tenantId, moveinDate, moveoutDate, property_name, frequency, vacant_unit, rentAmount, leaseStatus) VALUES (69, '2025-01-01', '2026-01-01', 17, 'Monthly', 210, '1190', 0);
INSERT INTO p_tenant (appinfo_id, tenant_name, tenant_contact, property_name, frequency, vacant_unit, tenantStatus) VALUES (70, 'Richard Jones', '555-689-6453', 44, 'Monthly', 96, 0);
INSERT INTO p_lease (tenantId, moveinDate, moveoutDate, property_name, frequency, vacant_unit, rentAmount, leaseStatus) VALUES (70, '2025-01-01', '2026-01-01', 44, 'Monthly', 96, '953', 0);
INSERT INTO p_tenant (appinfo_id, tenant_name, tenant_contact, property_name, frequency, vacant_unit, tenantStatus) VALUES (71, 'Elizabeth Davis', '555-887-1673', 25, 'Monthly', 34, 0);
INSERT INTO p_lease (tenantId, moveinDate, moveoutDate, property_name, frequency, vacant_unit, rentAmount, leaseStatus) VALUES (71, '2025-01-01', '2026-01-01', 25, 'Monthly', 34, '3117', 0);
INSERT INTO p_tenant (appinfo_id, tenant_name, tenant_contact, property_name, frequency, vacant_unit, tenantStatus) VALUES (72, 'Elizabeth Martin', '555-607-8136', 16, 'Monthly', 239, 0);
INSERT INTO p_lease (tenantId, moveinDate, moveoutDate, property_name, frequency, vacant_unit, rentAmount, leaseStatus) VALUES (72, '2025-01-01', '2026-01-01', 16, 'Monthly', 239, '1590', 0);
INSERT INTO p_tenant (appinfo_id, tenant_name, tenant_contact, property_name, frequency, vacant_unit, tenantStatus) VALUES (73, 'Jessica Smith', '555-967-2808', 40, 'Monthly', 75, 0);
INSERT INTO p_lease (tenantId, moveinDate, moveoutDate, property_name, frequency, vacant_unit, rentAmount, leaseStatus) VALUES (73, '2025-01-01', '2026-01-01', 40, 'Monthly', 75, '1339', 0);
INSERT INTO p_tenant (appinfo_id, tenant_name, tenant_contact, property_name, frequency, vacant_unit, tenantStatus) VALUES (74, 'Jessica Moore', '555-357-1342', 50, 'Monthly', 122, 0);
INSERT INTO p_lease (tenantId, moveinDate, moveoutDate, property_name, frequency, vacant_unit, rentAmount, leaseStatus) VALUES (74, '2025-01-01', '2026-01-01', 50, 'Monthly', 122, '1085', 0);
INSERT INTO p_tenant (appinfo_id, tenant_name, tenant_contact, property_name, frequency, vacant_unit, tenantStatus) VALUES (75, 'Joseph Miller', '555-258-8800', 3, 'Monthly', 173, 0);
INSERT INTO p_lease (tenantId, moveinDate, moveoutDate, property_name, frequency, vacant_unit, rentAmount, leaseStatus) VALUES (75, '2025-01-01', '2026-01-01', 3, 'Monthly', 173, '1150', 0);
INSERT INTO p_tenant (appinfo_id, tenant_name, tenant_contact, property_name, frequency, vacant_unit, tenantStatus) VALUES (76, 'Jessica Williams', '555-472-3424', 36, 'Monthly', 255, 0);
INSERT INTO p_lease (tenantId, moveinDate, moveoutDate, property_name, frequency, vacant_unit, rentAmount, leaseStatus) VALUES (76, '2025-01-01', '2026-01-01', 36, 'Monthly', 255, '2124', 0);
INSERT INTO p_tenant (appinfo_id, tenant_name, tenant_contact, property_name, frequency, vacant_unit, tenantStatus) VALUES (77, 'Karen Davis', '555-575-1689', 4, 'Monthly', 56, 0);
INSERT INTO p_lease (tenantId, moveinDate, moveoutDate, property_name, frequency, vacant_unit, rentAmount, leaseStatus) VALUES (77, '2025-01-01', '2026-01-01', 4, 'Monthly', 56, '1812', 0);
INSERT INTO p_tenant (appinfo_id, tenant_name, tenant_contact, property_name, frequency, vacant_unit, tenantStatus) VALUES (78, 'Robert Hernandez', '555-224-1318', 13, 'Monthly', 234, 0);
INSERT INTO p_lease (tenantId, moveinDate, moveoutDate, property_name, frequency, vacant_unit, rentAmount, leaseStatus) VALUES (78, '2025-01-01', '2026-01-01', 13, 'Monthly', 234, '1070', 0);
INSERT INTO p_tenant (appinfo_id, tenant_name, tenant_contact, property_name, frequency, vacant_unit, tenantStatus) VALUES (79, 'Linda Martin', '555-776-8711', 31, 'Monthly', 157, 0);
INSERT INTO p_lease (tenantId, moveinDate, moveoutDate, property_name, frequency, vacant_unit, rentAmount, leaseStatus) VALUES (79, '2025-01-01', '2026-01-01', 31, 'Monthly', 157, '1910', 0);
INSERT INTO p_tenant (appinfo_id, tenant_name, tenant_contact, property_name, frequency, vacant_unit, tenantStatus) VALUES (80, 'Richard Taylor', '555-141-2591', 38, 'Monthly', 125, 0);
INSERT INTO p_lease (tenantId, moveinDate, moveoutDate, property_name, frequency, vacant_unit, rentAmount, leaseStatus) VALUES (80, '2025-01-01', '2026-01-01', 38, 'Monthly', 125, '3351', 0);
INSERT INTO p_tenant (appinfo_id, tenant_name, tenant_contact, property_name, frequency, vacant_unit, tenantStatus) VALUES (81, 'Jessica Martin', '555-638-6411', 8, 'Monthly', 182, 0);
INSERT INTO p_lease (tenantId, moveinDate, moveoutDate, property_name, frequency, vacant_unit, rentAmount, leaseStatus) VALUES (81, '2025-01-01', '2026-01-01', 8, 'Monthly', 182, '2314', 0);
INSERT INTO p_tenant (appinfo_id, tenant_name, tenant_contact, property_name, frequency, vacant_unit, tenantStatus) VALUES (82, 'Joseph Lopez', '555-276-4324', 32, 'Monthly', 301, 0);
INSERT INTO p_lease (tenantId, moveinDate, moveoutDate, property_name, frequency, vacant_unit, rentAmount, leaseStatus) VALUES (82, '2025-01-01', '2026-01-01', 32, 'Monthly', 301, '3182', 0);
INSERT INTO p_tenant (appinfo_id, tenant_name, tenant_contact, property_name, frequency, vacant_unit, tenantStatus) VALUES (83, 'John Jones', '555-852-1800', 29, 'Monthly', 212, 0);
INSERT INTO p_lease (tenantId, moveinDate, moveoutDate, property_name, frequency, vacant_unit, rentAmount, leaseStatus) VALUES (83, '2025-01-01', '2026-01-01', 29, 'Monthly', 212, '1597', 0);
INSERT INTO p_tenant (appinfo_id, tenant_name, tenant_contact, property_name, frequency, vacant_unit, tenantStatus) VALUES (84, 'Sarah Williams', '555-656-3446', 27, 'Monthly', 88, 0);
INSERT INTO p_lease (tenantId, moveinDate, moveoutDate, property_name, frequency, vacant_unit, rentAmount, leaseStatus) VALUES (84, '2025-01-01', '2026-01-01', 27, 'Monthly', 88, '1909', 0);
INSERT INTO p_tenant (appinfo_id, tenant_name, tenant_contact, property_name, frequency, vacant_unit, tenantStatus) VALUES (85, 'Susan Brown', '555-804-6593', 14, 'Monthly', 113, 0);
INSERT INTO p_lease (tenantId, moveinDate, moveoutDate, property_name, frequency, vacant_unit, rentAmount, leaseStatus) VALUES (85, '2025-01-01', '2026-01-01', 14, 'Monthly', 113, '2194', 0);
INSERT INTO p_tenant (appinfo_id, tenant_name, tenant_contact, property_name, frequency, vacant_unit, tenantStatus) VALUES (86, 'Susan Miller', '555-954-4407', 34, 'Monthly', 48, 0);
INSERT INTO p_lease (tenantId, moveinDate, moveoutDate, property_name, frequency, vacant_unit, rentAmount, leaseStatus) VALUES (86, '2025-01-01', '2026-01-01', 34, 'Monthly', 48, '1276', 0);
INSERT INTO p_tenant (appinfo_id, tenant_name, tenant_contact, property_name, frequency, vacant_unit, tenantStatus) VALUES (87, 'Susan Rodriguez', '555-197-2059', 27, 'Monthly', 86, 0);
INSERT INTO p_lease (tenantId, moveinDate, moveoutDate, property_name, frequency, vacant_unit, rentAmount, leaseStatus) VALUES (87, '2025-01-01', '2026-01-01', 27, 'Monthly', 86, '2575', 0);
INSERT INTO p_tenant (appinfo_id, tenant_name, tenant_contact, property_name, frequency, vacant_unit, tenantStatus) VALUES (88, 'Thomas Davis', '555-622-8247', 8, 'Monthly', 256, 0);
INSERT INTO p_lease (tenantId, moveinDate, moveoutDate, property_name, frequency, vacant_unit, rentAmount, leaseStatus) VALUES (88, '2025-01-01', '2026-01-01', 8, 'Monthly', 256, '2130', 0);
INSERT INTO p_tenant (appinfo_id, tenant_name, tenant_contact, property_name, frequency, vacant_unit, tenantStatus) VALUES (89, 'Susan Moore', '555-118-6017', 48, 'Monthly', 158, 0);
INSERT INTO p_lease (tenantId, moveinDate, moveoutDate, property_name, frequency, vacant_unit, rentAmount, leaseStatus) VALUES (89, '2025-01-01', '2026-01-01', 48, 'Monthly', 158, '3103', 0);
INSERT INTO p_tenant (appinfo_id, tenant_name, tenant_contact, property_name, frequency, vacant_unit, tenantStatus) VALUES (90, 'Jennifer Williams', '555-411-6422', 4, 'Monthly', 68, 0);
INSERT INTO p_lease (tenantId, moveinDate, moveoutDate, property_name, frequency, vacant_unit, rentAmount, leaseStatus) VALUES (90, '2025-01-01', '2026-01-01', 4, 'Monthly', 68, '2307', 0);
INSERT INTO p_tenant (appinfo_id, tenant_name, tenant_contact, property_name, frequency, vacant_unit, tenantStatus) VALUES (91, 'John Davis', '555-244-6514', 12, 'Monthly', 290, 0);
INSERT INTO p_lease (tenantId, moveinDate, moveoutDate, property_name, frequency, vacant_unit, rentAmount, leaseStatus) VALUES (91, '2025-01-01', '2026-01-01', 12, 'Monthly', 290, '1863', 0);
INSERT INTO p_tenant (appinfo_id, tenant_name, tenant_contact, property_name, frequency, vacant_unit, tenantStatus) VALUES (92, 'Joseph Jackson', '555-564-2103', 25, 'Monthly', 67, 0);
INSERT INTO p_lease (tenantId, moveinDate, moveoutDate, property_name, frequency, vacant_unit, rentAmount, leaseStatus) VALUES (92, '2025-01-01', '2026-01-01', 25, 'Monthly', 67, '2511', 0);
INSERT INTO p_tenant (appinfo_id, tenant_name, tenant_contact, property_name, frequency, vacant_unit, tenantStatus) VALUES (93, 'Susan Davis', '555-433-8302', 33, 'Monthly', 71, 0);
INSERT INTO p_lease (tenantId, moveinDate, moveoutDate, property_name, frequency, vacant_unit, rentAmount, leaseStatus) VALUES (93, '2025-01-01', '2026-01-01', 33, 'Monthly', 71, '2583', 0);
INSERT INTO p_tenant (appinfo_id, tenant_name, tenant_contact, property_name, frequency, vacant_unit, tenantStatus) VALUES (94, 'Sarah Lopez', '555-729-9214', 17, 'Monthly', 281, 0);
INSERT INTO p_lease (tenantId, moveinDate, moveoutDate, property_name, frequency, vacant_unit, rentAmount, leaseStatus) VALUES (94, '2025-01-01', '2026-01-01', 17, 'Monthly', 281, '1552', 0);
INSERT INTO p_tenant (appinfo_id, tenant_name, tenant_contact, property_name, frequency, vacant_unit, tenantStatus) VALUES (95, 'Robert Lopez', '555-841-7159', 10, 'Monthly', 302, 0);
INSERT INTO p_lease (tenantId, moveinDate, moveoutDate, property_name, frequency, vacant_unit, rentAmount, leaseStatus) VALUES (95, '2025-01-01', '2026-01-01', 10, 'Monthly', 302, '2306', 0);
INSERT INTO p_tenant (appinfo_id, tenant_name, tenant_contact, property_name, frequency, vacant_unit, tenantStatus) VALUES (96, 'John Martin', '555-195-8594', 3, 'Monthly', 8, 0);
INSERT INTO p_lease (tenantId, moveinDate, moveoutDate, property_name, frequency, vacant_unit, rentAmount, leaseStatus) VALUES (96, '2025-01-01', '2026-01-01', 3, 'Monthly', 8, '1846', 0);
INSERT INTO p_tenant (appinfo_id, tenant_name, tenant_contact, property_name, frequency, vacant_unit, tenantStatus) VALUES (97, 'Charles Taylor', '555-834-8543', 2, 'Monthly', 173, 0);
INSERT INTO p_lease (tenantId, moveinDate, moveoutDate, property_name, frequency, vacant_unit, rentAmount, leaseStatus) VALUES (97, '2025-01-01', '2026-01-01', 2, 'Monthly', 173, '3120', 0);
INSERT INTO p_tenant (appinfo_id, tenant_name, tenant_contact, property_name, frequency, vacant_unit, tenantStatus) VALUES (98, 'Jessica Brown', '555-613-5069', 8, 'Monthly', 102, 0);
INSERT INTO p_lease (tenantId, moveinDate, moveoutDate, property_name, frequency, vacant_unit, rentAmount, leaseStatus) VALUES (98, '2025-01-01', '2026-01-01', 8, 'Monthly', 102, '1167', 0);
INSERT INTO p_tenant (appinfo_id, tenant_name, tenant_contact, property_name, frequency, vacant_unit, tenantStatus) VALUES (99, 'Patricia Anderson', '555-718-7244', 18, 'Monthly', 11, 0);
INSERT INTO p_lease (tenantId, moveinDate, moveoutDate, property_name, frequency, vacant_unit, rentAmount, leaseStatus) VALUES (99, '2025-01-01', '2026-01-01', 18, 'Monthly', 11, '2599', 0);
INSERT INTO p_tenant (appinfo_id, tenant_name, tenant_contact, property_name, frequency, vacant_unit, tenantStatus) VALUES (100, 'Barbara Brown', '555-398-5714', 38, 'Monthly', 187, 0);
INSERT INTO p_lease (tenantId, moveinDate, moveoutDate, property_name, frequency, vacant_unit, rentAmount, leaseStatus) VALUES (100, '2025-01-01', '2026-01-01', 38, 'Monthly', 187, '1750', 0);
INSERT INTO work_order (contractor, PropertyId, JobTitle, JobDescription, Material1Cost, isWorkDone, user) VALUES ('Bobs Plumbing', 29, 'Replace Light Fixture', 'Routine maintenance task.', '448', 'No', 'admin');
INSERT INTO work_order (contractor, PropertyId, JobTitle, JobDescription, Material1Cost, isWorkDone, user) VALUES ('Ace Electrical', 22, 'Clean Carpets', 'Routine maintenance task.', '308', 'Yes', 'admin');
INSERT INTO work_order (contractor, PropertyId, JobTitle, JobDescription, Material1Cost, isWorkDone, user) VALUES ('Bobs Plumbing', 8, 'Fix Broken Window', 'Routine maintenance task.', '100', 'No', 'admin');
INSERT INTO work_order (contractor, PropertyId, JobTitle, JobDescription, Material1Cost, isWorkDone, user) VALUES ('Pro Cleaners', 22, 'Fix Leaking Pipe', 'Routine maintenance task.', '77', 'Yes', 'admin');
INSERT INTO work_order (contractor, PropertyId, JobTitle, JobDescription, Material1Cost, isWorkDone, user) VALUES ('Bobs Plumbing', 9, 'Clean Carpets', 'Routine maintenance task.', '184', 'Yes', 'admin');
INSERT INTO work_order (contractor, PropertyId, JobTitle, JobDescription, Material1Cost, isWorkDone, user) VALUES ('Speedy Maintenance', 2, 'Fix Broken Window', 'Routine maintenance task.', '205', 'No', 'admin');
INSERT INTO work_order (contractor, PropertyId, JobTitle, JobDescription, Material1Cost, isWorkDone, user) VALUES ('Roof Masters', 13, 'Paint Walls', 'Routine maintenance task.', '201', 'Yes', 'admin');
INSERT INTO work_order (contractor, PropertyId, JobTitle, JobDescription, Material1Cost, isWorkDone, user) VALUES ('Bobs Plumbing', 18, 'Replace Light Fixture', 'Routine maintenance task.', '146', 'No', 'admin');
INSERT INTO work_order (contractor, PropertyId, JobTitle, JobDescription, Material1Cost, isWorkDone, user) VALUES ('Roof Masters', 45, 'Fix Leaking Pipe', 'Routine maintenance task.', '165', 'Yes', 'admin');
INSERT INTO work_order (contractor, PropertyId, JobTitle, JobDescription, Material1Cost, isWorkDone, user) VALUES ('Speedy Maintenance', 39, 'Replace Light Fixture', 'Routine maintenance task.', '300', 'Yes', 'admin');
INSERT INTO work_order (contractor, PropertyId, JobTitle, JobDescription, Material1Cost, isWorkDone, user) VALUES ('Speedy Maintenance', 4, 'Fix Leaking Pipe', 'Routine maintenance task.', '262', 'Yes', 'admin');
INSERT INTO work_order (contractor, PropertyId, JobTitle, JobDescription, Material1Cost, isWorkDone, user) VALUES ('Pro Cleaners', 5, 'Fix Leaking Pipe', 'Routine maintenance task.', '422', 'Yes', 'admin');
INSERT INTO work_order (contractor, PropertyId, JobTitle, JobDescription, Material1Cost, isWorkDone, user) VALUES ('Pro Cleaners', 10, 'Clean Carpets', 'Routine maintenance task.', '161', 'No', 'admin');
INSERT INTO work_order (contractor, PropertyId, JobTitle, JobDescription, Material1Cost, isWorkDone, user) VALUES ('Speedy Maintenance', 34, 'Paint Walls', 'Routine maintenance task.', '242', 'Yes', 'admin');
INSERT INTO work_order (contractor, PropertyId, JobTitle, JobDescription, Material1Cost, isWorkDone, user) VALUES ('Pro Cleaners', 31, 'Repair HVAC', 'Routine maintenance task.', '460', 'No', 'admin');
INSERT INTO work_order (contractor, PropertyId, JobTitle, JobDescription, Material1Cost, isWorkDone, user) VALUES ('Ace Electrical', 33, 'Clean Carpets', 'Routine maintenance task.', '179', 'No', 'admin');
INSERT INTO work_order (contractor, PropertyId, JobTitle, JobDescription, Material1Cost, isWorkDone, user) VALUES ('Bobs Plumbing', 31, 'Fix Leaking Pipe', 'Routine maintenance task.', '294', 'No', 'admin');
INSERT INTO work_order (contractor, PropertyId, JobTitle, JobDescription, Material1Cost, isWorkDone, user) VALUES ('Speedy Maintenance', 35, 'Repair HVAC', 'Routine maintenance task.', '122', 'No', 'admin');
INSERT INTO work_order (contractor, PropertyId, JobTitle, JobDescription, Material1Cost, isWorkDone, user) VALUES ('Roof Masters', 36, 'Fix Broken Window', 'Routine maintenance task.', '431', 'No', 'admin');
INSERT INTO work_order (contractor, PropertyId, JobTitle, JobDescription, Material1Cost, isWorkDone, user) VALUES ('Roof Masters', 20, 'Repair HVAC', 'Routine maintenance task.', '231', 'Yes', 'admin');
INSERT INTO work_order (contractor, PropertyId, JobTitle, JobDescription, Material1Cost, isWorkDone, user) VALUES ('Roof Masters', 49, 'Replace Light Fixture', 'Routine maintenance task.', '420', 'Yes', 'admin');
INSERT INTO work_order (contractor, PropertyId, JobTitle, JobDescription, Material1Cost, isWorkDone, user) VALUES ('Roof Masters', 20, 'Replace Light Fixture', 'Routine maintenance task.', '496', 'No', 'admin');
INSERT INTO work_order (contractor, PropertyId, JobTitle, JobDescription, Material1Cost, isWorkDone, user) VALUES ('Roof Masters', 19, 'Fix Leaking Pipe', 'Routine maintenance task.', '194', 'Yes', 'admin');
INSERT INTO work_order (contractor, PropertyId, JobTitle, JobDescription, Material1Cost, isWorkDone, user) VALUES ('Ace Electrical', 39, 'Fix Leaking Pipe', 'Routine maintenance task.', '367', 'No', 'admin');
INSERT INTO work_order (contractor, PropertyId, JobTitle, JobDescription, Material1Cost, isWorkDone, user) VALUES ('Pro Cleaners', 31, 'Clean Carpets', 'Routine maintenance task.', '265', 'Yes', 'admin');
INSERT INTO work_order (contractor, PropertyId, JobTitle, JobDescription, Material1Cost, isWorkDone, user) VALUES ('Ace Electrical', 10, 'Fix Leaking Pipe', 'Routine maintenance task.', '208', 'Yes', 'admin');
INSERT INTO work_order (contractor, PropertyId, JobTitle, JobDescription, Material1Cost, isWorkDone, user) VALUES ('Ace Electrical', 24, 'Repair HVAC', 'Routine maintenance task.', '193', 'Yes', 'admin');
INSERT INTO work_order (contractor, PropertyId, JobTitle, JobDescription, Material1Cost, isWorkDone, user) VALUES ('Pro Cleaners', 19, 'Fix Leaking Pipe', 'Routine maintenance task.', '408', 'No', 'admin');
INSERT INTO work_order (contractor, PropertyId, JobTitle, JobDescription, Material1Cost, isWorkDone, user) VALUES ('Speedy Maintenance', 43, 'Fix Leaking Pipe', 'Routine maintenance task.', '379', 'No', 'admin');
INSERT INTO work_order (contractor, PropertyId, JobTitle, JobDescription, Material1Cost, isWorkDone, user) VALUES ('Bobs Plumbing', 12, 'Fix Broken Window', 'Routine maintenance task.', '355', 'No', 'admin');
INSERT INTO work_order (contractor, PropertyId, JobTitle, JobDescription, Material1Cost, isWorkDone, user) VALUES ('Bobs Plumbing', 19, 'Repair HVAC', 'Routine maintenance task.', '118', 'No', 'admin');
INSERT INTO work_order (contractor, PropertyId, JobTitle, JobDescription, Material1Cost, isWorkDone, user) VALUES ('Speedy Maintenance', 20, 'Replace Light Fixture', 'Routine maintenance task.', '488', 'Yes', 'admin');
INSERT INTO work_order (contractor, PropertyId, JobTitle, JobDescription, Material1Cost, isWorkDone, user) VALUES ('Pro Cleaners', 35, 'Paint Walls', 'Routine maintenance task.', '61', 'Yes', 'admin');
INSERT INTO work_order (contractor, PropertyId, JobTitle, JobDescription, Material1Cost, isWorkDone, user) VALUES ('Bobs Plumbing', 32, 'Paint Walls', 'Routine maintenance task.', '271', 'Yes', 'admin');
INSERT INTO work_order (contractor, PropertyId, JobTitle, JobDescription, Material1Cost, isWorkDone, user) VALUES ('Bobs Plumbing', 21, 'Paint Walls', 'Routine maintenance task.', '151', 'Yes', 'admin');
INSERT INTO work_order (contractor, PropertyId, JobTitle, JobDescription, Material1Cost, isWorkDone, user) VALUES ('Speedy Maintenance', 50, 'Clean Carpets', 'Routine maintenance task.', '208', 'Yes', 'admin');
INSERT INTO work_order (contractor, PropertyId, JobTitle, JobDescription, Material1Cost, isWorkDone, user) VALUES ('Ace Electrical', 1, 'Fix Broken Window', 'Routine maintenance task.', '340', 'No', 'admin');
INSERT INTO work_order (contractor, PropertyId, JobTitle, JobDescription, Material1Cost, isWorkDone, user) VALUES ('Pro Cleaners', 47, 'Fix Broken Window', 'Routine maintenance task.', '114', 'No', 'admin');
INSERT INTO work_order (contractor, PropertyId, JobTitle, JobDescription, Material1Cost, isWorkDone, user) VALUES ('Bobs Plumbing', 28, 'Paint Walls', 'Routine maintenance task.', '113', 'Yes', 'admin');
INSERT INTO work_order (contractor, PropertyId, JobTitle, JobDescription, Material1Cost, isWorkDone, user) VALUES ('Speedy Maintenance', 1, 'Paint Walls', 'Routine maintenance task.', '325', 'Yes', 'admin');
INSERT INTO work_order (contractor, PropertyId, JobTitle, JobDescription, Material1Cost, isWorkDone, user) VALUES ('Ace Electrical', 30, 'Replace Light Fixture', 'Routine maintenance task.', '488', 'No', 'admin');
INSERT INTO work_order (contractor, PropertyId, JobTitle, JobDescription, Material1Cost, isWorkDone, user) VALUES ('Speedy Maintenance', 50, 'Fix Leaking Pipe', 'Routine maintenance task.', '312', 'No', 'admin');
INSERT INTO work_order (contractor, PropertyId, JobTitle, JobDescription, Material1Cost, isWorkDone, user) VALUES ('Bobs Plumbing', 34, 'Replace Light Fixture', 'Routine maintenance task.', '149', 'No', 'admin');
INSERT INTO work_order (contractor, PropertyId, JobTitle, JobDescription, Material1Cost, isWorkDone, user) VALUES ('Roof Masters', 12, 'Repair HVAC', 'Routine maintenance task.', '308', 'Yes', 'admin');
INSERT INTO work_order (contractor, PropertyId, JobTitle, JobDescription, Material1Cost, isWorkDone, user) VALUES ('Pro Cleaners', 42, 'Clean Carpets', 'Routine maintenance task.', '309', 'No', 'admin');
INSERT INTO work_order (contractor, PropertyId, JobTitle, JobDescription, Material1Cost, isWorkDone, user) VALUES ('Ace Electrical', 48, 'Repair HVAC', 'Routine maintenance task.', '379', 'Yes', 'admin');
INSERT INTO work_order (contractor, PropertyId, JobTitle, JobDescription, Material1Cost, isWorkDone, user) VALUES ('Ace Electrical', 4, 'Clean Carpets', 'Routine maintenance task.', '451', 'No', 'admin');
INSERT INTO work_order (contractor, PropertyId, JobTitle, JobDescription, Material1Cost, isWorkDone, user) VALUES ('Ace Electrical', 12, 'Fix Leaking Pipe', 'Routine maintenance task.', '200', 'No', 'admin');
INSERT INTO work_order (contractor, PropertyId, JobTitle, JobDescription, Material1Cost, isWorkDone, user) VALUES ('Pro Cleaners', 46, 'Paint Walls', 'Routine maintenance task.', '195', 'No', 'admin');
INSERT INTO work_order (contractor, PropertyId, JobTitle, JobDescription, Material1Cost, isWorkDone, user) VALUES ('Roof Masters', 6, 'Paint Walls', 'Routine maintenance task.', '457', 'No', 'admin');
INSERT INTO work_order (contractor, PropertyId, JobTitle, JobDescription, Material1Cost, isWorkDone, user) VALUES ('Pro Cleaners', 45, 'Replace Light Fixture', 'Routine maintenance task.', '480', 'Yes', 'admin');
INSERT INTO work_order (contractor, PropertyId, JobTitle, JobDescription, Material1Cost, isWorkDone, user) VALUES ('Roof Masters', 47, 'Fix Leaking Pipe', 'Routine maintenance task.', '491', 'Yes', 'admin');
INSERT INTO work_order (contractor, PropertyId, JobTitle, JobDescription, Material1Cost, isWorkDone, user) VALUES ('Pro Cleaners', 5, 'Fix Leaking Pipe', 'Routine maintenance task.', '168', 'No', 'admin');
INSERT INTO work_order (contractor, PropertyId, JobTitle, JobDescription, Material1Cost, isWorkDone, user) VALUES ('Ace Electrical', 39, 'Fix Leaking Pipe', 'Routine maintenance task.', '410', 'Yes', 'admin');
INSERT INTO work_order (contractor, PropertyId, JobTitle, JobDescription, Material1Cost, isWorkDone, user) VALUES ('Bobs Plumbing', 24, 'Replace Light Fixture', 'Routine maintenance task.', '147', 'Yes', 'admin');
INSERT INTO work_order (contractor, PropertyId, JobTitle, JobDescription, Material1Cost, isWorkDone, user) VALUES ('Ace Electrical', 4, 'Replace Light Fixture', 'Routine maintenance task.', '295', 'No', 'admin');
INSERT INTO work_order (contractor, PropertyId, JobTitle, JobDescription, Material1Cost, isWorkDone, user) VALUES ('Speedy Maintenance', 47, 'Clean Carpets', 'Routine maintenance task.', '382', 'No', 'admin');
INSERT INTO work_order (contractor, PropertyId, JobTitle, JobDescription, Material1Cost, isWorkDone, user) VALUES ('Pro Cleaners', 32, 'Paint Walls', 'Routine maintenance task.', '186', 'No', 'admin');
INSERT INTO work_order (contractor, PropertyId, JobTitle, JobDescription, Material1Cost, isWorkDone, user) VALUES ('Speedy Maintenance', 10, 'Repair HVAC', 'Routine maintenance task.', '275', 'No', 'admin');
INSERT INTO work_order (contractor, PropertyId, JobTitle, JobDescription, Material1Cost, isWorkDone, user) VALUES ('Speedy Maintenance', 47, 'Replace Light Fixture', 'Routine maintenance task.', '140', 'No', 'admin');
INSERT INTO work_order (contractor, PropertyId, JobTitle, JobDescription, Material1Cost, isWorkDone, user) VALUES ('Ace Electrical', 39, 'Replace Light Fixture', 'Routine maintenance task.', '255', 'No', 'admin');
INSERT INTO work_order (contractor, PropertyId, JobTitle, JobDescription, Material1Cost, isWorkDone, user) VALUES ('Speedy Maintenance', 22, 'Replace Light Fixture', 'Routine maintenance task.', '162', 'Yes', 'admin');
INSERT INTO work_order (contractor, PropertyId, JobTitle, JobDescription, Material1Cost, isWorkDone, user) VALUES ('Pro Cleaners', 16, 'Paint Walls', 'Routine maintenance task.', '393', 'Yes', 'admin');
INSERT INTO work_order (contractor, PropertyId, JobTitle, JobDescription, Material1Cost, isWorkDone, user) VALUES ('Speedy Maintenance', 6, 'Replace Light Fixture', 'Routine maintenance task.', '90', 'Yes', 'admin');
INSERT INTO work_order (contractor, PropertyId, JobTitle, JobDescription, Material1Cost, isWorkDone, user) VALUES ('Roof Masters', 47, 'Fix Broken Window', 'Routine maintenance task.', '182', 'Yes', 'admin');
INSERT INTO work_order (contractor, PropertyId, JobTitle, JobDescription, Material1Cost, isWorkDone, user) VALUES ('Speedy Maintenance', 31, 'Replace Light Fixture', 'Routine maintenance task.', '406', 'No', 'admin');
INSERT INTO work_order (contractor, PropertyId, JobTitle, JobDescription, Material1Cost, isWorkDone, user) VALUES ('Pro Cleaners', 16, 'Replace Light Fixture', 'Routine maintenance task.', '236', 'No', 'admin');
INSERT INTO work_order (contractor, PropertyId, JobTitle, JobDescription, Material1Cost, isWorkDone, user) VALUES ('Pro Cleaners', 31, 'Paint Walls', 'Routine maintenance task.', '452', 'Yes', 'admin');
INSERT INTO work_order (contractor, PropertyId, JobTitle, JobDescription, Material1Cost, isWorkDone, user) VALUES ('Speedy Maintenance', 27, 'Repair HVAC', 'Routine maintenance task.', '184', 'No', 'admin');
INSERT INTO work_order (contractor, PropertyId, JobTitle, JobDescription, Material1Cost, isWorkDone, user) VALUES ('Roof Masters', 47, 'Fix Broken Window', 'Routine maintenance task.', '150', 'Yes', 'admin');
INSERT INTO work_order (contractor, PropertyId, JobTitle, JobDescription, Material1Cost, isWorkDone, user) VALUES ('Ace Electrical', 18, 'Repair HVAC', 'Routine maintenance task.', '56', 'Yes', 'admin');
INSERT INTO work_order (contractor, PropertyId, JobTitle, JobDescription, Material1Cost, isWorkDone, user) VALUES ('Speedy Maintenance', 46, 'Clean Carpets', 'Routine maintenance task.', '408', 'Yes', 'admin');
INSERT INTO work_order (contractor, PropertyId, JobTitle, JobDescription, Material1Cost, isWorkDone, user) VALUES ('Roof Masters', 6, 'Fix Broken Window', 'Routine maintenance task.', '284', 'No', 'admin');
INSERT INTO work_order (contractor, PropertyId, JobTitle, JobDescription, Material1Cost, isWorkDone, user) VALUES ('Bobs Plumbing', 38, 'Repair HVAC', 'Routine maintenance task.', '171', 'No', 'admin');
INSERT INTO work_order (contractor, PropertyId, JobTitle, JobDescription, Material1Cost, isWorkDone, user) VALUES ('Pro Cleaners', 8, 'Paint Walls', 'Routine maintenance task.', '108', 'Yes', 'admin');
INSERT INTO work_order (contractor, PropertyId, JobTitle, JobDescription, Material1Cost, isWorkDone, user) VALUES ('Ace Electrical', 36, 'Fix Leaking Pipe', 'Routine maintenance task.', '344', 'Yes', 'admin');
INSERT INTO work_order (contractor, PropertyId, JobTitle, JobDescription, Material1Cost, isWorkDone, user) VALUES ('Bobs Plumbing', 17, 'Paint Walls', 'Routine maintenance task.', '121', 'Yes', 'admin');
INSERT INTO work_order (contractor, PropertyId, JobTitle, JobDescription, Material1Cost, isWorkDone, user) VALUES ('Speedy Maintenance', 34, 'Repair HVAC', 'Routine maintenance task.', '57', 'No', 'admin');
INSERT INTO work_order (contractor, PropertyId, JobTitle, JobDescription, Material1Cost, isWorkDone, user) VALUES ('Bobs Plumbing', 46, 'Paint Walls', 'Routine maintenance task.', '234', 'No', 'admin');
INSERT INTO work_order (contractor, PropertyId, JobTitle, JobDescription, Material1Cost, isWorkDone, user) VALUES ('Ace Electrical', 3, 'Repair HVAC', 'Routine maintenance task.', '167', 'Yes', 'admin');
INSERT INTO work_order (contractor, PropertyId, JobTitle, JobDescription, Material1Cost, isWorkDone, user) VALUES ('Ace Electrical', 25, 'Fix Leaking Pipe', 'Routine maintenance task.', '338', 'No', 'admin');
INSERT INTO work_order (contractor, PropertyId, JobTitle, JobDescription, Material1Cost, isWorkDone, user) VALUES ('Pro Cleaners', 39, 'Clean Carpets', 'Routine maintenance task.', '101', 'No', 'admin');
INSERT INTO work_order (contractor, PropertyId, JobTitle, JobDescription, Material1Cost, isWorkDone, user) VALUES ('Roof Masters', 34, 'Fix Leaking Pipe', 'Routine maintenance task.', '372', 'No', 'admin');
INSERT INTO work_order (contractor, PropertyId, JobTitle, JobDescription, Material1Cost, isWorkDone, user) VALUES ('Roof Masters', 22, 'Repair HVAC', 'Routine maintenance task.', '483', 'Yes', 'admin');
INSERT INTO work_order (contractor, PropertyId, JobTitle, JobDescription, Material1Cost, isWorkDone, user) VALUES ('Ace Electrical', 45, 'Repair HVAC', 'Routine maintenance task.', '470', 'Yes', 'admin');
INSERT INTO work_order (contractor, PropertyId, JobTitle, JobDescription, Material1Cost, isWorkDone, user) VALUES ('Ace Electrical', 38, 'Paint Walls', 'Routine maintenance task.', '83', 'No', 'admin');
INSERT INTO work_order (contractor, PropertyId, JobTitle, JobDescription, Material1Cost, isWorkDone, user) VALUES ('Roof Masters', 32, 'Paint Walls', 'Routine maintenance task.', '86', 'No', 'admin');
INSERT INTO work_order (contractor, PropertyId, JobTitle, JobDescription, Material1Cost, isWorkDone, user) VALUES ('Speedy Maintenance', 37, 'Paint Walls', 'Routine maintenance task.', '275', 'Yes', 'admin');
INSERT INTO work_order (contractor, PropertyId, JobTitle, JobDescription, Material1Cost, isWorkDone, user) VALUES ('Pro Cleaners', 46, 'Paint Walls', 'Routine maintenance task.', '218', 'Yes', 'admin');
INSERT INTO work_order (contractor, PropertyId, JobTitle, JobDescription, Material1Cost, isWorkDone, user) VALUES ('Pro Cleaners', 41, 'Fix Broken Window', 'Routine maintenance task.', '140', 'No', 'admin');
INSERT INTO work_order (contractor, PropertyId, JobTitle, JobDescription, Material1Cost, isWorkDone, user) VALUES ('Roof Masters', 43, 'Replace Light Fixture', 'Routine maintenance task.', '209', 'No', 'admin');
INSERT INTO work_order (contractor, PropertyId, JobTitle, JobDescription, Material1Cost, isWorkDone, user) VALUES ('Pro Cleaners', 50, 'Clean Carpets', 'Routine maintenance task.', '314', 'No', 'admin');
INSERT INTO work_order (contractor, PropertyId, JobTitle, JobDescription, Material1Cost, isWorkDone, user) VALUES ('Pro Cleaners', 1, 'Fix Leaking Pipe', 'Routine maintenance task.', '125', 'No', 'admin');
INSERT INTO work_order (contractor, PropertyId, JobTitle, JobDescription, Material1Cost, isWorkDone, user) VALUES ('Roof Masters', 27, 'Fix Leaking Pipe', 'Routine maintenance task.', '175', 'Yes', 'admin');
INSERT INTO work_order (contractor, PropertyId, JobTitle, JobDescription, Material1Cost, isWorkDone, user) VALUES ('Roof Masters', 31, 'Clean Carpets', 'Routine maintenance task.', '488', 'Yes', 'admin');
INSERT INTO work_order (contractor, PropertyId, JobTitle, JobDescription, Material1Cost, isWorkDone, user) VALUES ('Speedy Maintenance', 42, 'Repair HVAC', 'Routine maintenance task.', '381', 'No', 'admin');
INSERT INTO work_order (contractor, PropertyId, JobTitle, JobDescription, Material1Cost, isWorkDone, user) VALUES ('Speedy Maintenance', 48, 'Clean Carpets', 'Routine maintenance task.', '85', 'No', 'admin');
INSERT INTO work_order (contractor, PropertyId, JobTitle, JobDescription, Material1Cost, isWorkDone, user) VALUES ('Ace Electrical', 11, 'Fix Broken Window', 'Routine maintenance task.', '154', 'No', 'admin');
INSERT INTO work_order (contractor, PropertyId, JobTitle, JobDescription, Material1Cost, isWorkDone, user) VALUES ('Roof Masters', 23, 'Clean Carpets', 'Routine maintenance task.', '415', 'No', 'admin');
INSERT INTO work_order (contractor, PropertyId, JobTitle, JobDescription, Material1Cost, isWorkDone, user) VALUES ('Roof Masters', 39, 'Fix Leaking Pipe', 'Routine maintenance task.', '454', 'No', 'admin');
INSERT INTO work_order (contractor, PropertyId, JobTitle, JobDescription, Material1Cost, isWorkDone, user) VALUES ('Bobs Plumbing', 26, 'Fix Broken Window', 'Routine maintenance task.', '320', 'No', 'admin');
INSERT INTO work_order (contractor, PropertyId, JobTitle, JobDescription, Material1Cost, isWorkDone, user) VALUES ('Pro Cleaners', 32, 'Fix Leaking Pipe', 'Routine maintenance task.', '96', 'Yes', 'admin');
INSERT INTO work_order (contractor, PropertyId, JobTitle, JobDescription, Material1Cost, isWorkDone, user) VALUES ('Roof Masters', 8, 'Paint Walls', 'Routine maintenance task.', '171', 'No', 'admin');
INSERT INTO work_order (contractor, PropertyId, JobTitle, JobDescription, Material1Cost, isWorkDone, user) VALUES ('Bobs Plumbing', 8, 'Replace Light Fixture', 'Routine maintenance task.', '496', 'No', 'admin');
INSERT INTO work_order (contractor, PropertyId, JobTitle, JobDescription, Material1Cost, isWorkDone, user) VALUES ('Pro Cleaners', 13, 'Replace Light Fixture', 'Routine maintenance task.', '57', 'Yes', 'admin');
INSERT INTO work_order (contractor, PropertyId, JobTitle, JobDescription, Material1Cost, isWorkDone, user) VALUES ('Pro Cleaners', 5, 'Fix Broken Window', 'Routine maintenance task.', '131', 'Yes', 'admin');
INSERT INTO work_order (contractor, PropertyId, JobTitle, JobDescription, Material1Cost, isWorkDone, user) VALUES ('Bobs Plumbing', 40, 'Paint Walls', 'Routine maintenance task.', '88', 'Yes', 'admin');
INSERT INTO work_order (contractor, PropertyId, JobTitle, JobDescription, Material1Cost, isWorkDone, user) VALUES ('Bobs Plumbing', 30, 'Clean Carpets', 'Routine maintenance task.', '452', 'Yes', 'admin');
INSERT INTO work_order (contractor, PropertyId, JobTitle, JobDescription, Material1Cost, isWorkDone, user) VALUES ('Speedy Maintenance', 30, 'Fix Broken Window', 'Routine maintenance task.', '402', 'Yes', 'admin');
INSERT INTO work_order (contractor, PropertyId, JobTitle, JobDescription, Material1Cost, isWorkDone, user) VALUES ('Ace Electrical', 48, 'Paint Walls', 'Routine maintenance task.', '394', 'No', 'admin');
INSERT INTO work_order (contractor, PropertyId, JobTitle, JobDescription, Material1Cost, isWorkDone, user) VALUES ('Pro Cleaners', 23, 'Clean Carpets', 'Routine maintenance task.', '293', 'No', 'admin');
INSERT INTO work_order (contractor, PropertyId, JobTitle, JobDescription, Material1Cost, isWorkDone, user) VALUES ('Ace Electrical', 42, 'Replace Light Fixture', 'Routine maintenance task.', '350', 'Yes', 'admin');
INSERT INTO work_order (contractor, PropertyId, JobTitle, JobDescription, Material1Cost, isWorkDone, user) VALUES ('Roof Masters', 13, 'Paint Walls', 'Routine maintenance task.', '403', 'No', 'admin');
INSERT INTO work_order (contractor, PropertyId, JobTitle, JobDescription, Material1Cost, isWorkDone, user) VALUES ('Speedy Maintenance', 10, 'Repair HVAC', 'Routine maintenance task.', '235', 'Yes', 'admin');
INSERT INTO work_order (contractor, PropertyId, JobTitle, JobDescription, Material1Cost, isWorkDone, user) VALUES ('Roof Masters', 39, 'Fix Broken Window', 'Routine maintenance task.', '246', 'Yes', 'admin');
INSERT INTO work_order (contractor, PropertyId, JobTitle, JobDescription, Material1Cost, isWorkDone, user) VALUES ('Pro Cleaners', 18, 'Fix Broken Window', 'Routine maintenance task.', '156', 'No', 'admin');
INSERT INTO work_order (contractor, PropertyId, JobTitle, JobDescription, Material1Cost, isWorkDone, user) VALUES ('Pro Cleaners', 1, 'Replace Light Fixture', 'Routine maintenance task.', '483', 'Yes', 'admin');
INSERT INTO work_order (contractor, PropertyId, JobTitle, JobDescription, Material1Cost, isWorkDone, user) VALUES ('Roof Masters', 18, 'Replace Light Fixture', 'Routine maintenance task.', '437', 'No', 'admin');
INSERT INTO work_order (contractor, PropertyId, JobTitle, JobDescription, Material1Cost, isWorkDone, user) VALUES ('Bobs Plumbing', 3, 'Clean Carpets', 'Routine maintenance task.', '305', 'Yes', 'admin');
INSERT INTO work_order (contractor, PropertyId, JobTitle, JobDescription, Material1Cost, isWorkDone, user) VALUES ('Pro Cleaners', 7, 'Repair HVAC', 'Routine maintenance task.', '170', 'Yes', 'admin');
INSERT INTO work_order (contractor, PropertyId, JobTitle, JobDescription, Material1Cost, isWorkDone, user) VALUES ('Ace Electrical', 50, 'Paint Walls', 'Routine maintenance task.', '203', 'Yes', 'admin');
INSERT INTO work_order (contractor, PropertyId, JobTitle, JobDescription, Material1Cost, isWorkDone, user) VALUES ('Speedy Maintenance', 11, 'Replace Light Fixture', 'Routine maintenance task.', '171', 'Yes', 'admin');
INSERT INTO work_order (contractor, PropertyId, JobTitle, JobDescription, Material1Cost, isWorkDone, user) VALUES ('Pro Cleaners', 43, 'Paint Walls', 'Routine maintenance task.', '144', 'No', 'admin');
INSERT INTO work_order (contractor, PropertyId, JobTitle, JobDescription, Material1Cost, isWorkDone, user) VALUES ('Bobs Plumbing', 32, 'Fix Leaking Pipe', 'Routine maintenance task.', '115', 'Yes', 'admin');
INSERT INTO work_order (contractor, PropertyId, JobTitle, JobDescription, Material1Cost, isWorkDone, user) VALUES ('Pro Cleaners', 12, 'Repair HVAC', 'Routine maintenance task.', '135', 'No', 'admin');
INSERT INTO work_order (contractor, PropertyId, JobTitle, JobDescription, Material1Cost, isWorkDone, user) VALUES ('Speedy Maintenance', 9, 'Repair HVAC', 'Routine maintenance task.', '372', 'Yes', 'admin');
INSERT INTO work_order (contractor, PropertyId, JobTitle, JobDescription, Material1Cost, isWorkDone, user) VALUES ('Speedy Maintenance', 31, 'Clean Carpets', 'Routine maintenance task.', '122', 'No', 'admin');
INSERT INTO work_order (contractor, PropertyId, JobTitle, JobDescription, Material1Cost, isWorkDone, user) VALUES ('Roof Masters', 34, 'Paint Walls', 'Routine maintenance task.', '69', 'No', 'admin');
INSERT INTO work_order (contractor, PropertyId, JobTitle, JobDescription, Material1Cost, isWorkDone, user) VALUES ('Speedy Maintenance', 21, 'Fix Broken Window', 'Routine maintenance task.', '61', 'Yes', 'admin');
INSERT INTO work_order (contractor, PropertyId, JobTitle, JobDescription, Material1Cost, isWorkDone, user) VALUES ('Bobs Plumbing', 14, 'Clean Carpets', 'Routine maintenance task.', '186', 'Yes', 'admin');
INSERT INTO work_order (contractor, PropertyId, JobTitle, JobDescription, Material1Cost, isWorkDone, user) VALUES ('Speedy Maintenance', 14, 'Repair HVAC', 'Routine maintenance task.', '492', 'No', 'admin');
INSERT INTO work_order (contractor, PropertyId, JobTitle, JobDescription, Material1Cost, isWorkDone, user) VALUES ('Pro Cleaners', 50, 'Repair HVAC', 'Routine maintenance task.', '354', 'Yes', 'admin');
INSERT INTO work_order (contractor, PropertyId, JobTitle, JobDescription, Material1Cost, isWorkDone, user) VALUES ('Pro Cleaners', 15, 'Paint Walls', 'Routine maintenance task.', '424', 'No', 'admin');
INSERT INTO work_order (contractor, PropertyId, JobTitle, JobDescription, Material1Cost, isWorkDone, user) VALUES ('Ace Electrical', 16, 'Clean Carpets', 'Routine maintenance task.', '236', 'No', 'admin');
INSERT INTO work_order (contractor, PropertyId, JobTitle, JobDescription, Material1Cost, isWorkDone, user) VALUES ('Speedy Maintenance', 42, 'Replace Light Fixture', 'Routine maintenance task.', '413', 'Yes', 'admin');
INSERT INTO work_order (contractor, PropertyId, JobTitle, JobDescription, Material1Cost, isWorkDone, user) VALUES ('Ace Electrical', 34, 'Replace Light Fixture', 'Routine maintenance task.', '187', 'Yes', 'admin');
INSERT INTO work_order (contractor, PropertyId, JobTitle, JobDescription, Material1Cost, isWorkDone, user) VALUES ('Bobs Plumbing', 30, 'Fix Broken Window', 'Routine maintenance task.', '203', 'Yes', 'admin');
INSERT INTO work_order (contractor, PropertyId, JobTitle, JobDescription, Material1Cost, isWorkDone, user) VALUES ('Ace Electrical', 15, 'Fix Broken Window', 'Routine maintenance task.', '298', 'Yes', 'admin');
INSERT INTO work_order (contractor, PropertyId, JobTitle, JobDescription, Material1Cost, isWorkDone, user) VALUES ('Roof Masters', 24, 'Paint Walls', 'Routine maintenance task.', '280', 'Yes', 'admin');
INSERT INTO work_order (contractor, PropertyId, JobTitle, JobDescription, Material1Cost, isWorkDone, user) VALUES ('Pro Cleaners', 6, 'Fix Leaking Pipe', 'Routine maintenance task.', '52', 'Yes', 'admin');
INSERT INTO work_order (contractor, PropertyId, JobTitle, JobDescription, Material1Cost, isWorkDone, user) VALUES ('Speedy Maintenance', 14, 'Repair HVAC', 'Routine maintenance task.', '476', 'No', 'admin');
INSERT INTO work_order (contractor, PropertyId, JobTitle, JobDescription, Material1Cost, isWorkDone, user) VALUES ('Ace Electrical', 2, 'Fix Broken Window', 'Routine maintenance task.', '198', 'Yes', 'admin');
INSERT INTO work_order (contractor, PropertyId, JobTitle, JobDescription, Material1Cost, isWorkDone, user) VALUES ('Ace Electrical', 13, 'Clean Carpets', 'Routine maintenance task.', '101', 'No', 'admin');
INSERT INTO work_order (contractor, PropertyId, JobTitle, JobDescription, Material1Cost, isWorkDone, user) VALUES ('Bobs Plumbing', 16, 'Clean Carpets', 'Routine maintenance task.', '400', 'Yes', 'admin');
INSERT INTO work_order (contractor, PropertyId, JobTitle, JobDescription, Material1Cost, isWorkDone, user) VALUES ('Speedy Maintenance', 3, 'Repair HVAC', 'Routine maintenance task.', '333', 'No', 'admin');
INSERT INTO work_order (contractor, PropertyId, JobTitle, JobDescription, Material1Cost, isWorkDone, user) VALUES ('Roof Masters', 39, 'Repair HVAC', 'Routine maintenance task.', '354', 'No', 'admin');
INSERT INTO work_order (contractor, PropertyId, JobTitle, JobDescription, Material1Cost, isWorkDone, user) VALUES ('Pro Cleaners', 15, 'Replace Light Fixture', 'Routine maintenance task.', '152', 'No', 'admin');
INSERT INTO work_order (contractor, PropertyId, JobTitle, JobDescription, Material1Cost, isWorkDone, user) VALUES ('Pro Cleaners', 28, 'Fix Leaking Pipe', 'Routine maintenance task.', '440', 'Yes', 'admin');
INSERT INTO work_order (contractor, PropertyId, JobTitle, JobDescription, Material1Cost, isWorkDone, user) VALUES ('Ace Electrical', 4, 'Fix Leaking Pipe', 'Routine maintenance task.', '353', 'No', 'admin');
INSERT INTO work_order (contractor, PropertyId, JobTitle, JobDescription, Material1Cost, isWorkDone, user) VALUES ('Roof Masters', 38, 'Paint Walls', 'Routine maintenance task.', '116', 'No', 'admin');
INSERT INTO work_order (contractor, PropertyId, JobTitle, JobDescription, Material1Cost, isWorkDone, user) VALUES ('Speedy Maintenance', 50, 'Clean Carpets', 'Routine maintenance task.', '199', 'Yes', 'admin');
INSERT INTO work_order (contractor, PropertyId, JobTitle, JobDescription, Material1Cost, isWorkDone, user) VALUES ('Speedy Maintenance', 39, 'Fix Leaking Pipe', 'Routine maintenance task.', '195', 'Yes', 'admin');
INSERT INTO work_order (contractor, PropertyId, JobTitle, JobDescription, Material1Cost, isWorkDone, user) VALUES ('Bobs Plumbing', 28, 'Repair HVAC', 'Routine maintenance task.', '215', 'No', 'admin');
INSERT INTO work_order (contractor, PropertyId, JobTitle, JobDescription, Material1Cost, isWorkDone, user) VALUES ('Pro Cleaners', 19, 'Repair HVAC', 'Routine maintenance task.', '494', 'No', 'admin');
INSERT INTO work_order (contractor, PropertyId, JobTitle, JobDescription, Material1Cost, isWorkDone, user) VALUES ('Speedy Maintenance', 42, 'Replace Light Fixture', 'Routine maintenance task.', '54', 'No', 'admin');
INSERT INTO work_order (contractor, PropertyId, JobTitle, JobDescription, Material1Cost, isWorkDone, user) VALUES ('Ace Electrical', 1, 'Repair HVAC', 'Routine maintenance task.', '318', 'Yes', 'admin');
INSERT INTO work_order (contractor, PropertyId, JobTitle, JobDescription, Material1Cost, isWorkDone, user) VALUES ('Roof Masters', 32, 'Fix Leaking Pipe', 'Routine maintenance task.', '121', 'Yes', 'admin');
INSERT INTO work_order (contractor, PropertyId, JobTitle, JobDescription, Material1Cost, isWorkDone, user) VALUES ('Bobs Plumbing', 1, 'Fix Broken Window', 'Routine maintenance task.', '204', 'Yes', 'admin');
INSERT INTO work_order (contractor, PropertyId, JobTitle, JobDescription, Material1Cost, isWorkDone, user) VALUES ('Roof Masters', 38, 'Replace Light Fixture', 'Routine maintenance task.', '290', 'No', 'admin');
INSERT INTO work_order (contractor, PropertyId, JobTitle, JobDescription, Material1Cost, isWorkDone, user) VALUES ('Roof Masters', 19, 'Replace Light Fixture', 'Routine maintenance task.', '421', 'Yes', 'admin');
INSERT INTO work_order (contractor, PropertyId, JobTitle, JobDescription, Material1Cost, isWorkDone, user) VALUES ('Speedy Maintenance', 12, 'Fix Leaking Pipe', 'Routine maintenance task.', '473', 'No', 'admin');
INSERT INTO work_order (contractor, PropertyId, JobTitle, JobDescription, Material1Cost, isWorkDone, user) VALUES ('Pro Cleaners', 35, 'Replace Light Fixture', 'Routine maintenance task.', '95', 'No', 'admin');
INSERT INTO work_order (contractor, PropertyId, JobTitle, JobDescription, Material1Cost, isWorkDone, user) VALUES ('Pro Cleaners', 17, 'Replace Light Fixture', 'Routine maintenance task.', '451', 'No', 'admin');
INSERT INTO work_order (contractor, PropertyId, JobTitle, JobDescription, Material1Cost, isWorkDone, user) VALUES ('Roof Masters', 30, 'Clean Carpets', 'Routine maintenance task.', '155', 'Yes', 'admin');
INSERT INTO work_order (contractor, PropertyId, JobTitle, JobDescription, Material1Cost, isWorkDone, user) VALUES ('Bobs Plumbing', 50, 'Replace Light Fixture', 'Routine maintenance task.', '194', 'Yes', 'admin');
INSERT INTO work_order (contractor, PropertyId, JobTitle, JobDescription, Material1Cost, isWorkDone, user) VALUES ('Bobs Plumbing', 24, 'Clean Carpets', 'Routine maintenance task.', '202', 'No', 'admin');
INSERT INTO work_order (contractor, PropertyId, JobTitle, JobDescription, Material1Cost, isWorkDone, user) VALUES ('Bobs Plumbing', 40, 'Fix Leaking Pipe', 'Routine maintenance task.', '449', 'Yes', 'admin');
INSERT INTO work_order (contractor, PropertyId, JobTitle, JobDescription, Material1Cost, isWorkDone, user) VALUES ('Bobs Plumbing', 32, 'Clean Carpets', 'Routine maintenance task.', '163', 'No', 'admin');
INSERT INTO work_order (contractor, PropertyId, JobTitle, JobDescription, Material1Cost, isWorkDone, user) VALUES ('Roof Masters', 36, 'Repair HVAC', 'Routine maintenance task.', '362', 'No', 'admin');
INSERT INTO work_order (contractor, PropertyId, JobTitle, JobDescription, Material1Cost, isWorkDone, user) VALUES ('Bobs Plumbing', 19, 'Repair HVAC', 'Routine maintenance task.', '331', 'No', 'admin');
INSERT INTO work_order (contractor, PropertyId, JobTitle, JobDescription, Material1Cost, isWorkDone, user) VALUES ('Speedy Maintenance', 10, 'Repair HVAC', 'Routine maintenance task.', '146', 'No', 'admin');
INSERT INTO work_order (contractor, PropertyId, JobTitle, JobDescription, Material1Cost, isWorkDone, user) VALUES ('Bobs Plumbing', 40, 'Replace Light Fixture', 'Routine maintenance task.', '290', 'No', 'admin');
INSERT INTO work_order (contractor, PropertyId, JobTitle, JobDescription, Material1Cost, isWorkDone, user) VALUES ('Bobs Plumbing', 37, 'Clean Carpets', 'Routine maintenance task.', '111', 'No', 'admin');
INSERT INTO work_order (contractor, PropertyId, JobTitle, JobDescription, Material1Cost, isWorkDone, user) VALUES ('Ace Electrical', 12, 'Replace Light Fixture', 'Routine maintenance task.', '339', 'Yes', 'admin');
INSERT INTO work_order (contractor, PropertyId, JobTitle, JobDescription, Material1Cost, isWorkDone, user) VALUES ('Roof Masters', 45, 'Fix Leaking Pipe', 'Routine maintenance task.', '456', 'No', 'admin');
INSERT INTO work_order (contractor, PropertyId, JobTitle, JobDescription, Material1Cost, isWorkDone, user) VALUES ('Speedy Maintenance', 33, 'Clean Carpets', 'Routine maintenance task.', '212', 'Yes', 'admin');
INSERT INTO work_order (contractor, PropertyId, JobTitle, JobDescription, Material1Cost, isWorkDone, user) VALUES ('Speedy Maintenance', 39, 'Fix Leaking Pipe', 'Routine maintenance task.', '432', 'No', 'admin');
INSERT INTO work_order (contractor, PropertyId, JobTitle, JobDescription, Material1Cost, isWorkDone, user) VALUES ('Bobs Plumbing', 45, 'Replace Light Fixture', 'Routine maintenance task.', '119', 'No', 'admin');
INSERT INTO work_order (contractor, PropertyId, JobTitle, JobDescription, Material1Cost, isWorkDone, user) VALUES ('Ace Electrical', 17, 'Fix Broken Window', 'Routine maintenance task.', '65', 'No', 'admin');
INSERT INTO work_order (contractor, PropertyId, JobTitle, JobDescription, Material1Cost, isWorkDone, user) VALUES ('Roof Masters', 50, 'Fix Broken Window', 'Routine maintenance task.', '439', 'No', 'admin');
INSERT INTO work_order (contractor, PropertyId, JobTitle, JobDescription, Material1Cost, isWorkDone, user) VALUES ('Speedy Maintenance', 13, 'Fix Leaking Pipe', 'Routine maintenance task.', '430', 'No', 'admin');
INSERT INTO work_order (contractor, PropertyId, JobTitle, JobDescription, Material1Cost, isWorkDone, user) VALUES ('Speedy Maintenance', 42, 'Paint Walls', 'Routine maintenance task.', '340', 'No', 'admin');
INSERT INTO work_order (contractor, PropertyId, JobTitle, JobDescription, Material1Cost, isWorkDone, user) VALUES ('Pro Cleaners', 13, 'Replace Light Fixture', 'Routine maintenance task.', '144', 'Yes', 'admin');
INSERT INTO work_order (contractor, PropertyId, JobTitle, JobDescription, Material1Cost, isWorkDone, user) VALUES ('Pro Cleaners', 27, 'Repair HVAC', 'Routine maintenance task.', '421', 'Yes', 'admin');
INSERT INTO work_order (contractor, PropertyId, JobTitle, JobDescription, Material1Cost, isWorkDone, user) VALUES ('Roof Masters', 47, 'Clean Carpets', 'Routine maintenance task.', '250', 'No', 'admin');
INSERT INTO work_order (contractor, PropertyId, JobTitle, JobDescription, Material1Cost, isWorkDone, user) VALUES ('Roof Masters', 3, 'Clean Carpets', 'Routine maintenance task.', '476', 'Yes', 'admin');
INSERT INTO work_order (contractor, PropertyId, JobTitle, JobDescription, Material1Cost, isWorkDone, user) VALUES ('Pro Cleaners', 42, 'Clean Carpets', 'Routine maintenance task.', '437', 'No', 'admin');
INSERT INTO work_order (contractor, PropertyId, JobTitle, JobDescription, Material1Cost, isWorkDone, user) VALUES ('Pro Cleaners', 46, 'Repair HVAC', 'Routine maintenance task.', '414', 'No', 'admin');
INSERT INTO work_order (contractor, PropertyId, JobTitle, JobDescription, Material1Cost, isWorkDone, user) VALUES ('Pro Cleaners', 44, 'Repair HVAC', 'Routine maintenance task.', '383', 'No', 'admin');
INSERT INTO work_order (contractor, PropertyId, JobTitle, JobDescription, Material1Cost, isWorkDone, user) VALUES ('Ace Electrical', 42, 'Fix Broken Window', 'Routine maintenance task.', '254', 'No', 'admin');
INSERT INTO work_order (contractor, PropertyId, JobTitle, JobDescription, Material1Cost, isWorkDone, user) VALUES ('Pro Cleaners', 48, 'Fix Leaking Pipe', 'Routine maintenance task.', '229', 'Yes', 'admin');
INSERT INTO work_order (contractor, PropertyId, JobTitle, JobDescription, Material1Cost, isWorkDone, user) VALUES ('Roof Masters', 2, 'Clean Carpets', 'Routine maintenance task.', '311', 'Yes', 'admin');
INSERT INTO work_order (contractor, PropertyId, JobTitle, JobDescription, Material1Cost, isWorkDone, user) VALUES ('Bobs Plumbing', 37, 'Clean Carpets', 'Routine maintenance task.', '91', 'No', 'admin');
INSERT INTO work_order (contractor, PropertyId, JobTitle, JobDescription, Material1Cost, isWorkDone, user) VALUES ('Ace Electrical', 38, 'Paint Walls', 'Routine maintenance task.', '458', 'No', 'admin');
INSERT INTO work_order (contractor, PropertyId, JobTitle, JobDescription, Material1Cost, isWorkDone, user) VALUES ('Pro Cleaners', 12, 'Repair HVAC', 'Routine maintenance task.', '324', 'No', 'admin');
INSERT INTO work_order (contractor, PropertyId, JobTitle, JobDescription, Material1Cost, isWorkDone, user) VALUES ('Bobs Plumbing', 44, 'Fix Broken Window', 'Routine maintenance task.', '89', 'No', 'admin');
INSERT INTO work_order (contractor, PropertyId, JobTitle, JobDescription, Material1Cost, isWorkDone, user) VALUES ('Ace Electrical', 25, 'Fix Broken Window', 'Routine maintenance task.', '449', 'No', 'admin');
INSERT INTO work_order (contractor, PropertyId, JobTitle, JobDescription, Material1Cost, isWorkDone, user) VALUES ('Speedy Maintenance', 26, 'Paint Walls', 'Routine maintenance task.', '130', 'Yes', 'admin');
INSERT INTO work_order (contractor, PropertyId, JobTitle, JobDescription, Material1Cost, isWorkDone, user) VALUES ('Speedy Maintenance', 1, 'Fix Leaking Pipe', 'Routine maintenance task.', '385', 'Yes', 'admin');
INSERT INTO work_order (contractor, PropertyId, JobTitle, JobDescription, Material1Cost, isWorkDone, user) VALUES ('Bobs Plumbing', 28, 'Replace Light Fixture', 'Routine maintenance task.', '144', 'Yes', 'admin');
INSERT INTO p_maintenance_log (contractor, PropertyId, UnitName, Category, MaintenanceTitle, Description, when_done, user) VALUES ('Pro Cleaners', 11, '6', 'Electrical', 'Replace Light Fixture', 'Completed maintenance task.', '2026-05-01', 'admin');
INSERT INTO p_maintenance_log (contractor, PropertyId, UnitName, Category, MaintenanceTitle, Description, when_done, user) VALUES ('Bobs Plumbing', 31, '7', 'Electrical', 'Replace Light Fixture', 'Completed maintenance task.', '2026-05-01', 'admin');
INSERT INTO p_maintenance_log (contractor, PropertyId, UnitName, Category, MaintenanceTitle, Description, when_done, user) VALUES ('Ace Electrical', 23, '3', 'HVAC', 'Fix Broken Window', 'Completed maintenance task.', '2026-05-01', 'admin');
INSERT INTO p_maintenance_log (contractor, PropertyId, UnitName, Category, MaintenanceTitle, Description, when_done, user) VALUES ('Speedy Maintenance', 38, '6', 'Electrical', 'Fix Broken Window', 'Completed maintenance task.', '2026-05-01', 'admin');
INSERT INTO p_maintenance_log (contractor, PropertyId, UnitName, Category, MaintenanceTitle, Description, when_done, user) VALUES ('Ace Electrical', 23, '6', 'Plumbing', 'Fix Leaking Pipe', 'Completed maintenance task.', '2026-05-01', 'admin');
INSERT INTO p_maintenance_log (contractor, PropertyId, UnitName, Category, MaintenanceTitle, Description, when_done, user) VALUES ('Speedy Maintenance', 18, '8', 'HVAC', 'Fix Broken Window', 'Completed maintenance task.', '2026-05-01', 'admin');
INSERT INTO p_maintenance_log (contractor, PropertyId, UnitName, Category, MaintenanceTitle, Description, when_done, user) VALUES ('Bobs Plumbing', 8, '4', 'HVAC', 'Repair HVAC', 'Completed maintenance task.', '2026-05-01', 'admin');
INSERT INTO p_maintenance_log (contractor, PropertyId, UnitName, Category, MaintenanceTitle, Description, when_done, user) VALUES ('Roof Masters', 25, '3', 'Electrical', 'Repair HVAC', 'Completed maintenance task.', '2026-05-01', 'admin');
INSERT INTO p_maintenance_log (contractor, PropertyId, UnitName, Category, MaintenanceTitle, Description, when_done, user) VALUES ('Speedy Maintenance', 46, '9', 'Electrical', 'Fix Leaking Pipe', 'Completed maintenance task.', '2026-05-01', 'admin');
INSERT INTO p_maintenance_log (contractor, PropertyId, UnitName, Category, MaintenanceTitle, Description, when_done, user) VALUES ('Ace Electrical', 43, '2', 'General', 'Paint Walls', 'Completed maintenance task.', '2026-05-01', 'admin');
INSERT INTO p_maintenance_log (contractor, PropertyId, UnitName, Category, MaintenanceTitle, Description, when_done, user) VALUES ('Ace Electrical', 23, '8', 'Electrical', 'Clean Carpets', 'Completed maintenance task.', '2026-05-01', 'admin');
INSERT INTO p_maintenance_log (contractor, PropertyId, UnitName, Category, MaintenanceTitle, Description, when_done, user) VALUES ('Speedy Maintenance', 34, '5', 'Electrical', 'Fix Broken Window', 'Completed maintenance task.', '2026-05-01', 'admin');
INSERT INTO p_maintenance_log (contractor, PropertyId, UnitName, Category, MaintenanceTitle, Description, when_done, user) VALUES ('Roof Masters', 46, '10', 'Plumbing', 'Repair HVAC', 'Completed maintenance task.', '2026-05-01', 'admin');
INSERT INTO p_maintenance_log (contractor, PropertyId, UnitName, Category, MaintenanceTitle, Description, when_done, user) VALUES ('Bobs Plumbing', 11, '9', 'Plumbing', 'Fix Broken Window', 'Completed maintenance task.', '2026-05-01', 'admin');
INSERT INTO p_maintenance_log (contractor, PropertyId, UnitName, Category, MaintenanceTitle, Description, when_done, user) VALUES ('Pro Cleaners', 50, '6', 'HVAC', 'Clean Carpets', 'Completed maintenance task.', '2026-05-01', 'admin');
INSERT INTO p_maintenance_log (contractor, PropertyId, UnitName, Category, MaintenanceTitle, Description, when_done, user) VALUES ('Ace Electrical', 19, '4', 'Plumbing', 'Clean Carpets', 'Completed maintenance task.', '2026-05-01', 'admin');
INSERT INTO p_maintenance_log (contractor, PropertyId, UnitName, Category, MaintenanceTitle, Description, when_done, user) VALUES ('Speedy Maintenance', 23, '7', 'Plumbing', 'Paint Walls', 'Completed maintenance task.', '2026-05-01', 'admin');
INSERT INTO p_maintenance_log (contractor, PropertyId, UnitName, Category, MaintenanceTitle, Description, when_done, user) VALUES ('Bobs Plumbing', 12, '10', 'HVAC', 'Repair HVAC', 'Completed maintenance task.', '2026-05-01', 'admin');
INSERT INTO p_maintenance_log (contractor, PropertyId, UnitName, Category, MaintenanceTitle, Description, when_done, user) VALUES ('Ace Electrical', 17, '3', 'General', 'Fix Broken Window', 'Completed maintenance task.', '2026-05-01', 'admin');
INSERT INTO p_maintenance_log (contractor, PropertyId, UnitName, Category, MaintenanceTitle, Description, when_done, user) VALUES ('Roof Masters', 3, '2', 'Plumbing', 'Fix Leaking Pipe', 'Completed maintenance task.', '2026-05-01', 'admin');
INSERT INTO p_maintenance_log (contractor, PropertyId, UnitName, Category, MaintenanceTitle, Description, when_done, user) VALUES ('Roof Masters', 47, '2', 'General', 'Paint Walls', 'Completed maintenance task.', '2026-05-01', 'admin');
INSERT INTO p_maintenance_log (contractor, PropertyId, UnitName, Category, MaintenanceTitle, Description, when_done, user) VALUES ('Ace Electrical', 49, '1', 'General', 'Replace Light Fixture', 'Completed maintenance task.', '2026-05-01', 'admin');
INSERT INTO p_maintenance_log (contractor, PropertyId, UnitName, Category, MaintenanceTitle, Description, when_done, user) VALUES ('Pro Cleaners', 12, '6', 'General', 'Clean Carpets', 'Completed maintenance task.', '2026-05-01', 'admin');
INSERT INTO p_maintenance_log (contractor, PropertyId, UnitName, Category, MaintenanceTitle, Description, when_done, user) VALUES ('Ace Electrical', 49, '2', 'Plumbing', 'Repair HVAC', 'Completed maintenance task.', '2026-05-01', 'admin');
INSERT INTO p_maintenance_log (contractor, PropertyId, UnitName, Category, MaintenanceTitle, Description, when_done, user) VALUES ('Bobs Plumbing', 40, '3', 'HVAC', 'Fix Leaking Pipe', 'Completed maintenance task.', '2026-05-01', 'admin');
INSERT INTO p_maintenance_log (contractor, PropertyId, UnitName, Category, MaintenanceTitle, Description, when_done, user) VALUES ('Bobs Plumbing', 26, '9', 'HVAC', 'Paint Walls', 'Completed maintenance task.', '2026-05-01', 'admin');
INSERT INTO p_maintenance_log (contractor, PropertyId, UnitName, Category, MaintenanceTitle, Description, when_done, user) VALUES ('Ace Electrical', 42, '2', 'Plumbing', 'Fix Broken Window', 'Completed maintenance task.', '2026-05-01', 'admin');
INSERT INTO p_maintenance_log (contractor, PropertyId, UnitName, Category, MaintenanceTitle, Description, when_done, user) VALUES ('Speedy Maintenance', 40, '1', 'Electrical', 'Paint Walls', 'Completed maintenance task.', '2026-05-01', 'admin');
INSERT INTO p_maintenance_log (contractor, PropertyId, UnitName, Category, MaintenanceTitle, Description, when_done, user) VALUES ('Ace Electrical', 41, '10', 'HVAC', 'Fix Leaking Pipe', 'Completed maintenance task.', '2026-05-01', 'admin');
INSERT INTO p_maintenance_log (contractor, PropertyId, UnitName, Category, MaintenanceTitle, Description, when_done, user) VALUES ('Ace Electrical', 32, '7', 'General', 'Repair HVAC', 'Completed maintenance task.', '2026-05-01', 'admin');
INSERT INTO p_maintenance_log (contractor, PropertyId, UnitName, Category, MaintenanceTitle, Description, when_done, user) VALUES ('Bobs Plumbing', 5, '1', 'General', 'Clean Carpets', 'Completed maintenance task.', '2026-05-01', 'admin');
INSERT INTO p_maintenance_log (contractor, PropertyId, UnitName, Category, MaintenanceTitle, Description, when_done, user) VALUES ('Bobs Plumbing', 26, '9', 'Electrical', 'Repair HVAC', 'Completed maintenance task.', '2026-05-01', 'admin');
INSERT INTO p_maintenance_log (contractor, PropertyId, UnitName, Category, MaintenanceTitle, Description, when_done, user) VALUES ('Roof Masters', 17, '7', 'Plumbing', 'Fix Leaking Pipe', 'Completed maintenance task.', '2026-05-01', 'admin');
INSERT INTO p_maintenance_log (contractor, PropertyId, UnitName, Category, MaintenanceTitle, Description, when_done, user) VALUES ('Pro Cleaners', 11, '4', 'Plumbing', 'Repair HVAC', 'Completed maintenance task.', '2026-05-01', 'admin');
INSERT INTO p_maintenance_log (contractor, PropertyId, UnitName, Category, MaintenanceTitle, Description, when_done, user) VALUES ('Roof Masters', 14, '6', 'Electrical', 'Fix Leaking Pipe', 'Completed maintenance task.', '2026-05-01', 'admin');
INSERT INTO p_maintenance_log (contractor, PropertyId, UnitName, Category, MaintenanceTitle, Description, when_done, user) VALUES ('Roof Masters', 47, '3', 'Electrical', 'Clean Carpets', 'Completed maintenance task.', '2026-05-01', 'admin');
INSERT INTO p_maintenance_log (contractor, PropertyId, UnitName, Category, MaintenanceTitle, Description, when_done, user) VALUES ('Roof Masters', 39, '9', 'General', 'Replace Light Fixture', 'Completed maintenance task.', '2026-05-01', 'admin');
INSERT INTO p_maintenance_log (contractor, PropertyId, UnitName, Category, MaintenanceTitle, Description, when_done, user) VALUES ('Ace Electrical', 1, '4', 'HVAC', 'Fix Leaking Pipe', 'Completed maintenance task.', '2026-05-01', 'admin');
INSERT INTO p_maintenance_log (contractor, PropertyId, UnitName, Category, MaintenanceTitle, Description, when_done, user) VALUES ('Speedy Maintenance', 8, '1', 'Electrical', 'Fix Leaking Pipe', 'Completed maintenance task.', '2026-05-01', 'admin');
INSERT INTO p_maintenance_log (contractor, PropertyId, UnitName, Category, MaintenanceTitle, Description, when_done, user) VALUES ('Ace Electrical', 48, '2', 'General', 'Replace Light Fixture', 'Completed maintenance task.', '2026-05-01', 'admin');
INSERT INTO p_maintenance_log (contractor, PropertyId, UnitName, Category, MaintenanceTitle, Description, when_done, user) VALUES ('Roof Masters', 8, '1', 'Electrical', 'Replace Light Fixture', 'Completed maintenance task.', '2026-05-01', 'admin');
INSERT INTO p_maintenance_log (contractor, PropertyId, UnitName, Category, MaintenanceTitle, Description, when_done, user) VALUES ('Ace Electrical', 36, '1', 'General', 'Fix Broken Window', 'Completed maintenance task.', '2026-05-01', 'admin');
INSERT INTO p_maintenance_log (contractor, PropertyId, UnitName, Category, MaintenanceTitle, Description, when_done, user) VALUES ('Pro Cleaners', 17, '5', 'Plumbing', 'Paint Walls', 'Completed maintenance task.', '2026-05-01', 'admin');
INSERT INTO p_maintenance_log (contractor, PropertyId, UnitName, Category, MaintenanceTitle, Description, when_done, user) VALUES ('Bobs Plumbing', 8, '2', 'Electrical', 'Repair HVAC', 'Completed maintenance task.', '2026-05-01', 'admin');
INSERT INTO p_maintenance_log (contractor, PropertyId, UnitName, Category, MaintenanceTitle, Description, when_done, user) VALUES ('Pro Cleaners', 36, '9', 'HVAC', 'Repair HVAC', 'Completed maintenance task.', '2026-05-01', 'admin');
INSERT INTO p_maintenance_log (contractor, PropertyId, UnitName, Category, MaintenanceTitle, Description, when_done, user) VALUES ('Roof Masters', 16, '7', 'Electrical', 'Repair HVAC', 'Completed maintenance task.', '2026-05-01', 'admin');
INSERT INTO p_maintenance_log (contractor, PropertyId, UnitName, Category, MaintenanceTitle, Description, when_done, user) VALUES ('Bobs Plumbing', 44, '4', 'HVAC', 'Repair HVAC', 'Completed maintenance task.', '2026-05-01', 'admin');
INSERT INTO p_maintenance_log (contractor, PropertyId, UnitName, Category, MaintenanceTitle, Description, when_done, user) VALUES ('Ace Electrical', 17, '6', 'Electrical', 'Fix Leaking Pipe', 'Completed maintenance task.', '2026-05-01', 'admin');
INSERT INTO p_maintenance_log (contractor, PropertyId, UnitName, Category, MaintenanceTitle, Description, when_done, user) VALUES ('Speedy Maintenance', 44, '8', 'HVAC', 'Replace Light Fixture', 'Completed maintenance task.', '2026-05-01', 'admin');
INSERT INTO p_maintenance_log (contractor, PropertyId, UnitName, Category, MaintenanceTitle, Description, when_done, user) VALUES ('Pro Cleaners', 3, '4', 'Plumbing', 'Repair HVAC', 'Completed maintenance task.', '2026-05-01', 'admin');
INSERT INTO p_maintenance_log (contractor, PropertyId, UnitName, Category, MaintenanceTitle, Description, when_done, user) VALUES ('Pro Cleaners', 9, '5', 'Plumbing', 'Replace Light Fixture', 'Completed maintenance task.', '2026-05-01', 'admin');
INSERT INTO p_maintenance_log (contractor, PropertyId, UnitName, Category, MaintenanceTitle, Description, when_done, user) VALUES ('Pro Cleaners', 46, '5', 'General', 'Clean Carpets', 'Completed maintenance task.', '2026-05-01', 'admin');
INSERT INTO p_maintenance_log (contractor, PropertyId, UnitName, Category, MaintenanceTitle, Description, when_done, user) VALUES ('Speedy Maintenance', 42, '10', 'Plumbing', 'Replace Light Fixture', 'Completed maintenance task.', '2026-05-01', 'admin');
INSERT INTO p_maintenance_log (contractor, PropertyId, UnitName, Category, MaintenanceTitle, Description, when_done, user) VALUES ('Ace Electrical', 13, '2', 'Electrical', 'Clean Carpets', 'Completed maintenance task.', '2026-05-01', 'admin');
INSERT INTO p_maintenance_log (contractor, PropertyId, UnitName, Category, MaintenanceTitle, Description, when_done, user) VALUES ('Speedy Maintenance', 43, '1', 'Plumbing', 'Clean Carpets', 'Completed maintenance task.', '2026-05-01', 'admin');
INSERT INTO p_maintenance_log (contractor, PropertyId, UnitName, Category, MaintenanceTitle, Description, when_done, user) VALUES ('Ace Electrical', 26, '6', 'Plumbing', 'Fix Broken Window', 'Completed maintenance task.', '2026-05-01', 'admin');
INSERT INTO p_maintenance_log (contractor, PropertyId, UnitName, Category, MaintenanceTitle, Description, when_done, user) VALUES ('Bobs Plumbing', 46, '4', 'Electrical', 'Fix Leaking Pipe', 'Completed maintenance task.', '2026-05-01', 'admin');
INSERT INTO p_maintenance_log (contractor, PropertyId, UnitName, Category, MaintenanceTitle, Description, when_done, user) VALUES ('Bobs Plumbing', 10, '8', 'HVAC', 'Clean Carpets', 'Completed maintenance task.', '2026-05-01', 'admin');
INSERT INTO p_maintenance_log (contractor, PropertyId, UnitName, Category, MaintenanceTitle, Description, when_done, user) VALUES ('Speedy Maintenance', 13, '9', 'HVAC', 'Fix Broken Window', 'Completed maintenance task.', '2026-05-01', 'admin');
INSERT INTO p_maintenance_log (contractor, PropertyId, UnitName, Category, MaintenanceTitle, Description, when_done, user) VALUES ('Speedy Maintenance', 37, '10', 'Electrical', 'Clean Carpets', 'Completed maintenance task.', '2026-05-01', 'admin');
INSERT INTO p_maintenance_log (contractor, PropertyId, UnitName, Category, MaintenanceTitle, Description, when_done, user) VALUES ('Roof Masters', 40, '1', 'HVAC', 'Paint Walls', 'Completed maintenance task.', '2026-05-01', 'admin');
INSERT INTO p_maintenance_log (contractor, PropertyId, UnitName, Category, MaintenanceTitle, Description, when_done, user) VALUES ('Ace Electrical', 29, '6', 'General', 'Repair HVAC', 'Completed maintenance task.', '2026-05-01', 'admin');
INSERT INTO p_maintenance_log (contractor, PropertyId, UnitName, Category, MaintenanceTitle, Description, when_done, user) VALUES ('Pro Cleaners', 45, '10', 'HVAC', 'Replace Light Fixture', 'Completed maintenance task.', '2026-05-01', 'admin');
INSERT INTO p_maintenance_log (contractor, PropertyId, UnitName, Category, MaintenanceTitle, Description, when_done, user) VALUES ('Roof Masters', 45, '4', 'Electrical', 'Fix Broken Window', 'Completed maintenance task.', '2026-05-01', 'admin');
INSERT INTO p_maintenance_log (contractor, PropertyId, UnitName, Category, MaintenanceTitle, Description, when_done, user) VALUES ('Roof Masters', 48, '10', 'General', 'Paint Walls', 'Completed maintenance task.', '2026-05-01', 'admin');
INSERT INTO p_maintenance_log (contractor, PropertyId, UnitName, Category, MaintenanceTitle, Description, when_done, user) VALUES ('Bobs Plumbing', 35, '10', 'General', 'Paint Walls', 'Completed maintenance task.', '2026-05-01', 'admin');
INSERT INTO p_maintenance_log (contractor, PropertyId, UnitName, Category, MaintenanceTitle, Description, when_done, user) VALUES ('Ace Electrical', 6, '7', 'HVAC', 'Replace Light Fixture', 'Completed maintenance task.', '2026-05-01', 'admin');
INSERT INTO p_maintenance_log (contractor, PropertyId, UnitName, Category, MaintenanceTitle, Description, when_done, user) VALUES ('Roof Masters', 22, '9', 'HVAC', 'Clean Carpets', 'Completed maintenance task.', '2026-05-01', 'admin');
INSERT INTO p_maintenance_log (contractor, PropertyId, UnitName, Category, MaintenanceTitle, Description, when_done, user) VALUES ('Bobs Plumbing', 4, '2', 'Plumbing', 'Fix Broken Window', 'Completed maintenance task.', '2026-05-01', 'admin');
INSERT INTO p_maintenance_log (contractor, PropertyId, UnitName, Category, MaintenanceTitle, Description, when_done, user) VALUES ('Ace Electrical', 23, '6', 'Plumbing', 'Fix Leaking Pipe', 'Completed maintenance task.', '2026-05-01', 'admin');
INSERT INTO p_maintenance_log (contractor, PropertyId, UnitName, Category, MaintenanceTitle, Description, when_done, user) VALUES ('Pro Cleaners', 50, '6', 'General', 'Repair HVAC', 'Completed maintenance task.', '2026-05-01', 'admin');
INSERT INTO p_maintenance_log (contractor, PropertyId, UnitName, Category, MaintenanceTitle, Description, when_done, user) VALUES ('Ace Electrical', 2, '1', 'Electrical', 'Fix Broken Window', 'Completed maintenance task.', '2026-05-01', 'admin');
INSERT INTO p_maintenance_log (contractor, PropertyId, UnitName, Category, MaintenanceTitle, Description, when_done, user) VALUES ('Roof Masters', 13, '6', 'Electrical', 'Repair HVAC', 'Completed maintenance task.', '2026-05-01', 'admin');
INSERT INTO p_maintenance_log (contractor, PropertyId, UnitName, Category, MaintenanceTitle, Description, when_done, user) VALUES ('Pro Cleaners', 43, '5', 'Electrical', 'Paint Walls', 'Completed maintenance task.', '2026-05-01', 'admin');
INSERT INTO p_maintenance_log (contractor, PropertyId, UnitName, Category, MaintenanceTitle, Description, when_done, user) VALUES ('Roof Masters', 45, '10', 'HVAC', 'Clean Carpets', 'Completed maintenance task.', '2026-05-01', 'admin');
INSERT INTO p_maintenance_log (contractor, PropertyId, UnitName, Category, MaintenanceTitle, Description, when_done, user) VALUES ('Roof Masters', 1, '3', 'Electrical', 'Fix Broken Window', 'Completed maintenance task.', '2026-05-01', 'admin');
INSERT INTO p_maintenance_log (contractor, PropertyId, UnitName, Category, MaintenanceTitle, Description, when_done, user) VALUES ('Ace Electrical', 22, '4', 'HVAC', 'Clean Carpets', 'Completed maintenance task.', '2026-05-01', 'admin');
INSERT INTO p_maintenance_log (contractor, PropertyId, UnitName, Category, MaintenanceTitle, Description, when_done, user) VALUES ('Ace Electrical', 29, '10', 'HVAC', 'Clean Carpets', 'Completed maintenance task.', '2026-05-01', 'admin');
INSERT INTO p_maintenance_log (contractor, PropertyId, UnitName, Category, MaintenanceTitle, Description, when_done, user) VALUES ('Speedy Maintenance', 17, '9', 'Electrical', 'Paint Walls', 'Completed maintenance task.', '2026-05-01', 'admin');
INSERT INTO p_maintenance_log (contractor, PropertyId, UnitName, Category, MaintenanceTitle, Description, when_done, user) VALUES ('Speedy Maintenance', 29, '1', 'HVAC', 'Clean Carpets', 'Completed maintenance task.', '2026-05-01', 'admin');
INSERT INTO p_maintenance_log (contractor, PropertyId, UnitName, Category, MaintenanceTitle, Description, when_done, user) VALUES ('Roof Masters', 36, '8', 'HVAC', 'Fix Leaking Pipe', 'Completed maintenance task.', '2026-05-01', 'admin');
INSERT INTO p_maintenance_log (contractor, PropertyId, UnitName, Category, MaintenanceTitle, Description, when_done, user) VALUES ('Roof Masters', 49, '3', 'General', 'Repair HVAC', 'Completed maintenance task.', '2026-05-01', 'admin');
INSERT INTO p_maintenance_log (contractor, PropertyId, UnitName, Category, MaintenanceTitle, Description, when_done, user) VALUES ('Bobs Plumbing', 22, '9', 'Plumbing', 'Paint Walls', 'Completed maintenance task.', '2026-05-01', 'admin');
INSERT INTO p_maintenance_log (contractor, PropertyId, UnitName, Category, MaintenanceTitle, Description, when_done, user) VALUES ('Ace Electrical', 6, '2', 'Electrical', 'Fix Leaking Pipe', 'Completed maintenance task.', '2026-05-01', 'admin');
INSERT INTO p_maintenance_log (contractor, PropertyId, UnitName, Category, MaintenanceTitle, Description, when_done, user) VALUES ('Speedy Maintenance', 11, '9', 'Plumbing', 'Fix Broken Window', 'Completed maintenance task.', '2026-05-01', 'admin');
INSERT INTO p_maintenance_log (contractor, PropertyId, UnitName, Category, MaintenanceTitle, Description, when_done, user) VALUES ('Bobs Plumbing', 20, '9', 'General', 'Paint Walls', 'Completed maintenance task.', '2026-05-01', 'admin');
INSERT INTO p_maintenance_log (contractor, PropertyId, UnitName, Category, MaintenanceTitle, Description, when_done, user) VALUES ('Pro Cleaners', 24, '3', 'Plumbing', 'Repair HVAC', 'Completed maintenance task.', '2026-05-01', 'admin');
INSERT INTO p_maintenance_log (contractor, PropertyId, UnitName, Category, MaintenanceTitle, Description, when_done, user) VALUES ('Speedy Maintenance', 18, '3', 'HVAC', 'Paint Walls', 'Completed maintenance task.', '2026-05-01', 'admin');
INSERT INTO p_maintenance_log (contractor, PropertyId, UnitName, Category, MaintenanceTitle, Description, when_done, user) VALUES ('Ace Electrical', 45, '4', 'Plumbing', 'Fix Broken Window', 'Completed maintenance task.', '2026-05-01', 'admin');
INSERT INTO p_maintenance_log (contractor, PropertyId, UnitName, Category, MaintenanceTitle, Description, when_done, user) VALUES ('Roof Masters', 1, '4', 'Electrical', 'Replace Light Fixture', 'Completed maintenance task.', '2026-05-01', 'admin');
INSERT INTO p_maintenance_log (contractor, PropertyId, UnitName, Category, MaintenanceTitle, Description, when_done, user) VALUES ('Pro Cleaners', 8, '1', 'Electrical', 'Replace Light Fixture', 'Completed maintenance task.', '2026-05-01', 'admin');
INSERT INTO p_maintenance_log (contractor, PropertyId, UnitName, Category, MaintenanceTitle, Description, when_done, user) VALUES ('Speedy Maintenance', 33, '6', 'Plumbing', 'Clean Carpets', 'Completed maintenance task.', '2026-05-01', 'admin');
INSERT INTO p_maintenance_log (contractor, PropertyId, UnitName, Category, MaintenanceTitle, Description, when_done, user) VALUES ('Roof Masters', 8, '8', 'Plumbing', 'Clean Carpets', 'Completed maintenance task.', '2026-05-01', 'admin');
INSERT INTO p_maintenance_log (contractor, PropertyId, UnitName, Category, MaintenanceTitle, Description, when_done, user) VALUES ('Speedy Maintenance', 29, '4', 'Plumbing', 'Fix Broken Window', 'Completed maintenance task.', '2026-05-01', 'admin');
INSERT INTO p_maintenance_log (contractor, PropertyId, UnitName, Category, MaintenanceTitle, Description, when_done, user) VALUES ('Roof Masters', 34, '1', 'Electrical', 'Clean Carpets', 'Completed maintenance task.', '2026-05-01', 'admin');
INSERT INTO p_maintenance_log (contractor, PropertyId, UnitName, Category, MaintenanceTitle, Description, when_done, user) VALUES ('Ace Electrical', 40, '1', 'Electrical', 'Paint Walls', 'Completed maintenance task.', '2026-05-01', 'admin');
INSERT INTO p_maintenance_log (contractor, PropertyId, UnitName, Category, MaintenanceTitle, Description, when_done, user) VALUES ('Pro Cleaners', 9, '5', 'HVAC', 'Fix Broken Window', 'Completed maintenance task.', '2026-05-01', 'admin');
INSERT INTO p_maintenance_log (contractor, PropertyId, UnitName, Category, MaintenanceTitle, Description, when_done, user) VALUES ('Pro Cleaners', 6, '9', 'General', 'Repair HVAC', 'Completed maintenance task.', '2026-05-01', 'admin');
INSERT INTO p_maintenance_log (contractor, PropertyId, UnitName, Category, MaintenanceTitle, Description, when_done, user) VALUES ('Bobs Plumbing', 13, '4', 'Electrical', 'Fix Leaking Pipe', 'Completed maintenance task.', '2026-05-01', 'admin');
INSERT INTO p_maintenance_log (contractor, PropertyId, UnitName, Category, MaintenanceTitle, Description, when_done, user) VALUES ('Speedy Maintenance', 3, '1', 'General', 'Clean Carpets', 'Completed maintenance task.', '2026-05-01', 'admin');
INSERT INTO p_maintenance_log (contractor, PropertyId, UnitName, Category, MaintenanceTitle, Description, when_done, user) VALUES ('Pro Cleaners', 32, '2', 'HVAC', 'Replace Light Fixture', 'Completed maintenance task.', '2026-05-01', 'admin');
INSERT INTO p_maintenance_log (contractor, PropertyId, UnitName, Category, MaintenanceTitle, Description, when_done, user) VALUES ('Pro Cleaners', 44, '2', 'Electrical', 'Fix Broken Window', 'Completed maintenance task.', '2026-05-01', 'admin');
INSERT INTO p_maintenance_log (contractor, PropertyId, UnitName, Category, MaintenanceTitle, Description, when_done, user) VALUES ('Speedy Maintenance', 17, '9', 'Electrical', 'Clean Carpets', 'Completed maintenance task.', '2026-05-01', 'admin');
INSERT INTO p_maintenance_log (contractor, PropertyId, UnitName, Category, MaintenanceTitle, Description, when_done, user) VALUES ('Pro Cleaners', 19, '5', 'Plumbing', 'Fix Broken Window', 'Completed maintenance task.', '2026-05-01', 'admin');
INSERT INTO p_maintenance_log (contractor, PropertyId, UnitName, Category, MaintenanceTitle, Description, when_done, user) VALUES ('Bobs Plumbing', 3, '7', 'HVAC', 'Repair HVAC', 'Completed maintenance task.', '2026-05-01', 'admin');
INSERT INTO p_maintenance_log (contractor, PropertyId, UnitName, Category, MaintenanceTitle, Description, when_done, user) VALUES ('Bobs Plumbing', 41, '4', 'Plumbing', 'Fix Broken Window', 'Completed maintenance task.', '2026-05-01', 'admin');
INSERT INTO p_maintenance_log (contractor, PropertyId, UnitName, Category, MaintenanceTitle, Description, when_done, user) VALUES ('Bobs Plumbing', 50, '6', 'HVAC', 'Paint Walls', 'Completed maintenance task.', '2026-05-01', 'admin');
INSERT INTO p_maintenance_log (contractor, PropertyId, UnitName, Category, MaintenanceTitle, Description, when_done, user) VALUES ('Speedy Maintenance', 38, '1', 'Plumbing', 'Repair HVAC', 'Completed maintenance task.', '2026-05-01', 'admin');
INSERT INTO p_maintenance_log (contractor, PropertyId, UnitName, Category, MaintenanceTitle, Description, when_done, user) VALUES ('Ace Electrical', 9, '8', 'HVAC', 'Replace Light Fixture', 'Completed maintenance task.', '2026-05-01', 'admin');
INSERT INTO p_maintenance_log (contractor, PropertyId, UnitName, Category, MaintenanceTitle, Description, when_done, user) VALUES ('Ace Electrical', 47, '5', 'Electrical', 'Paint Walls', 'Completed maintenance task.', '2026-05-01', 'admin');
INSERT INTO p_maintenance_log (contractor, PropertyId, UnitName, Category, MaintenanceTitle, Description, when_done, user) VALUES ('Pro Cleaners', 40, '9', 'General', 'Clean Carpets', 'Completed maintenance task.', '2026-05-01', 'admin');
INSERT INTO p_maintenance_log (contractor, PropertyId, UnitName, Category, MaintenanceTitle, Description, when_done, user) VALUES ('Roof Masters', 34, '6', 'General', 'Fix Leaking Pipe', 'Completed maintenance task.', '2026-05-01', 'admin');
INSERT INTO p_maintenance_log (contractor, PropertyId, UnitName, Category, MaintenanceTitle, Description, when_done, user) VALUES ('Speedy Maintenance', 17, '9', 'Plumbing', 'Paint Walls', 'Completed maintenance task.', '2026-05-01', 'admin');
INSERT INTO p_maintenance_log (contractor, PropertyId, UnitName, Category, MaintenanceTitle, Description, when_done, user) VALUES ('Pro Cleaners', 38, '4', 'HVAC', 'Repair HVAC', 'Completed maintenance task.', '2026-05-01', 'admin');
INSERT INTO p_maintenance_log (contractor, PropertyId, UnitName, Category, MaintenanceTitle, Description, when_done, user) VALUES ('Roof Masters', 19, '8', 'HVAC', 'Paint Walls', 'Completed maintenance task.', '2026-05-01', 'admin');
INSERT INTO p_maintenance_log (contractor, PropertyId, UnitName, Category, MaintenanceTitle, Description, when_done, user) VALUES ('Roof Masters', 31, '10', 'Plumbing', 'Repair HVAC', 'Completed maintenance task.', '2026-05-01', 'admin');
INSERT INTO p_maintenance_log (contractor, PropertyId, UnitName, Category, MaintenanceTitle, Description, when_done, user) VALUES ('Pro Cleaners', 19, '2', 'HVAC', 'Replace Light Fixture', 'Completed maintenance task.', '2026-05-01', 'admin');
INSERT INTO p_maintenance_log (contractor, PropertyId, UnitName, Category, MaintenanceTitle, Description, when_done, user) VALUES ('Speedy Maintenance', 5, '10', 'Plumbing', 'Fix Leaking Pipe', 'Completed maintenance task.', '2026-05-01', 'admin');
INSERT INTO p_maintenance_log (contractor, PropertyId, UnitName, Category, MaintenanceTitle, Description, when_done, user) VALUES ('Roof Masters', 10, '8', 'Electrical', 'Fix Leaking Pipe', 'Completed maintenance task.', '2026-05-01', 'admin');
INSERT INTO p_maintenance_log (contractor, PropertyId, UnitName, Category, MaintenanceTitle, Description, when_done, user) VALUES ('Ace Electrical', 25, '1', 'HVAC', 'Replace Light Fixture', 'Completed maintenance task.', '2026-05-01', 'admin');
INSERT INTO p_maintenance_log (contractor, PropertyId, UnitName, Category, MaintenanceTitle, Description, when_done, user) VALUES ('Roof Masters', 45, '5', 'HVAC', 'Fix Broken Window', 'Completed maintenance task.', '2026-05-01', 'admin');
INSERT INTO p_maintenance_log (contractor, PropertyId, UnitName, Category, MaintenanceTitle, Description, when_done, user) VALUES ('Bobs Plumbing', 48, '4', 'Electrical', 'Fix Broken Window', 'Completed maintenance task.', '2026-05-01', 'admin');
INSERT INTO p_maintenance_log (contractor, PropertyId, UnitName, Category, MaintenanceTitle, Description, when_done, user) VALUES ('Speedy Maintenance', 17, '9', 'Plumbing', 'Repair HVAC', 'Completed maintenance task.', '2026-05-01', 'admin');
INSERT INTO p_maintenance_log (contractor, PropertyId, UnitName, Category, MaintenanceTitle, Description, when_done, user) VALUES ('Pro Cleaners', 17, '9', 'Plumbing', 'Repair HVAC', 'Completed maintenance task.', '2026-05-01', 'admin');
INSERT INTO p_maintenance_log (contractor, PropertyId, UnitName, Category, MaintenanceTitle, Description, when_done, user) VALUES ('Ace Electrical', 7, '3', 'Plumbing', 'Fix Broken Window', 'Completed maintenance task.', '2026-05-01', 'admin');
INSERT INTO p_maintenance_log (contractor, PropertyId, UnitName, Category, MaintenanceTitle, Description, when_done, user) VALUES ('Roof Masters', 43, '2', 'HVAC', 'Replace Light Fixture', 'Completed maintenance task.', '2026-05-01', 'admin');
INSERT INTO p_maintenance_log (contractor, PropertyId, UnitName, Category, MaintenanceTitle, Description, when_done, user) VALUES ('Pro Cleaners', 8, '7', 'HVAC', 'Repair HVAC', 'Completed maintenance task.', '2026-05-01', 'admin');
INSERT INTO p_maintenance_log (contractor, PropertyId, UnitName, Category, MaintenanceTitle, Description, when_done, user) VALUES ('Ace Electrical', 25, '4', 'Plumbing', 'Fix Leaking Pipe', 'Completed maintenance task.', '2026-05-01', 'admin');
INSERT INTO p_maintenance_log (contractor, PropertyId, UnitName, Category, MaintenanceTitle, Description, when_done, user) VALUES ('Roof Masters', 3, '8', 'Plumbing', 'Fix Leaking Pipe', 'Completed maintenance task.', '2026-05-01', 'admin');
INSERT INTO p_maintenance_log (contractor, PropertyId, UnitName, Category, MaintenanceTitle, Description, when_done, user) VALUES ('Bobs Plumbing', 30, '9', 'Plumbing', 'Fix Broken Window', 'Completed maintenance task.', '2026-05-01', 'admin');
INSERT INTO p_maintenance_log (contractor, PropertyId, UnitName, Category, MaintenanceTitle, Description, when_done, user) VALUES ('Ace Electrical', 40, '2', 'General', 'Fix Broken Window', 'Completed maintenance task.', '2026-05-01', 'admin');
INSERT INTO p_maintenance_log (contractor, PropertyId, UnitName, Category, MaintenanceTitle, Description, when_done, user) VALUES ('Bobs Plumbing', 27, '1', 'General', 'Fix Broken Window', 'Completed maintenance task.', '2026-05-01', 'admin');
INSERT INTO p_maintenance_log (contractor, PropertyId, UnitName, Category, MaintenanceTitle, Description, when_done, user) VALUES ('Roof Masters', 7, '9', 'General', 'Fix Leaking Pipe', 'Completed maintenance task.', '2026-05-01', 'admin');
INSERT INTO p_maintenance_log (contractor, PropertyId, UnitName, Category, MaintenanceTitle, Description, when_done, user) VALUES ('Speedy Maintenance', 35, '2', 'Plumbing', 'Fix Broken Window', 'Completed maintenance task.', '2026-05-01', 'admin');
INSERT INTO p_maintenance_log (contractor, PropertyId, UnitName, Category, MaintenanceTitle, Description, when_done, user) VALUES ('Ace Electrical', 24, '5', 'HVAC', 'Fix Broken Window', 'Completed maintenance task.', '2026-05-01', 'admin');
INSERT INTO p_maintenance_log (contractor, PropertyId, UnitName, Category, MaintenanceTitle, Description, when_done, user) VALUES ('Roof Masters', 35, '10', 'HVAC', 'Replace Light Fixture', 'Completed maintenance task.', '2026-05-01', 'admin');
INSERT INTO p_maintenance_log (contractor, PropertyId, UnitName, Category, MaintenanceTitle, Description, when_done, user) VALUES ('Pro Cleaners', 48, '3', 'General', 'Fix Leaking Pipe', 'Completed maintenance task.', '2026-05-01', 'admin');
INSERT INTO p_maintenance_log (contractor, PropertyId, UnitName, Category, MaintenanceTitle, Description, when_done, user) VALUES ('Ace Electrical', 49, '5', 'General', 'Paint Walls', 'Completed maintenance task.', '2026-05-01', 'admin');
INSERT INTO p_maintenance_log (contractor, PropertyId, UnitName, Category, MaintenanceTitle, Description, when_done, user) VALUES ('Roof Masters', 25, '3', 'Electrical', 'Fix Leaking Pipe', 'Completed maintenance task.', '2026-05-01', 'admin');
INSERT INTO p_maintenance_log (contractor, PropertyId, UnitName, Category, MaintenanceTitle, Description, when_done, user) VALUES ('Roof Masters', 23, '6', 'Plumbing', 'Fix Broken Window', 'Completed maintenance task.', '2026-05-01', 'admin');
INSERT INTO p_maintenance_log (contractor, PropertyId, UnitName, Category, MaintenanceTitle, Description, when_done, user) VALUES ('Speedy Maintenance', 46, '3', 'Plumbing', 'Fix Leaking Pipe', 'Completed maintenance task.', '2026-05-01', 'admin');
INSERT INTO p_maintenance_log (contractor, PropertyId, UnitName, Category, MaintenanceTitle, Description, when_done, user) VALUES ('Speedy Maintenance', 31, '10', 'Plumbing', 'Fix Broken Window', 'Completed maintenance task.', '2026-05-01', 'admin');
INSERT INTO p_maintenance_log (contractor, PropertyId, UnitName, Category, MaintenanceTitle, Description, when_done, user) VALUES ('Ace Electrical', 24, '2', 'General', 'Paint Walls', 'Completed maintenance task.', '2026-05-01', 'admin');
INSERT INTO p_maintenance_log (contractor, PropertyId, UnitName, Category, MaintenanceTitle, Description, when_done, user) VALUES ('Ace Electrical', 36, '10', 'HVAC', 'Replace Light Fixture', 'Completed maintenance task.', '2026-05-01', 'admin');
INSERT INTO p_maintenance_log (contractor, PropertyId, UnitName, Category, MaintenanceTitle, Description, when_done, user) VALUES ('Ace Electrical', 16, '4', 'General', 'Fix Broken Window', 'Completed maintenance task.', '2026-05-01', 'admin');
INSERT INTO p_maintenance_log (contractor, PropertyId, UnitName, Category, MaintenanceTitle, Description, when_done, user) VALUES ('Bobs Plumbing', 30, '1', 'HVAC', 'Paint Walls', 'Completed maintenance task.', '2026-05-01', 'admin');
INSERT INTO p_maintenance_log (contractor, PropertyId, UnitName, Category, MaintenanceTitle, Description, when_done, user) VALUES ('Bobs Plumbing', 43, '9', 'General', 'Paint Walls', 'Completed maintenance task.', '2026-05-01', 'admin');
INSERT INTO p_maintenance_log (contractor, PropertyId, UnitName, Category, MaintenanceTitle, Description, when_done, user) VALUES ('Pro Cleaners', 16, '8', 'Electrical', 'Replace Light Fixture', 'Completed maintenance task.', '2026-05-01', 'admin');
INSERT INTO p_maintenance_log (contractor, PropertyId, UnitName, Category, MaintenanceTitle, Description, when_done, user) VALUES ('Speedy Maintenance', 35, '9', 'General', 'Replace Light Fixture', 'Completed maintenance task.', '2026-05-01', 'admin');
INSERT INTO p_maintenance_log (contractor, PropertyId, UnitName, Category, MaintenanceTitle, Description, when_done, user) VALUES ('Ace Electrical', 3, '4', 'HVAC', 'Repair HVAC', 'Completed maintenance task.', '2026-05-01', 'admin');